playerID,nameFirst,nameLast,RC,OBP
aardsda01,David,Aardsma,NULL,NULL
abadfe01,Fernando,Abad,0,0.125
abreubo01,Bobby,Abreu,41.48905109489051,0.3568136932192232
abreuju01,Juan,Abreu,NULL,NULL
abreuto01,Tony,Abreu,9.280193236714975,0.2725118483412322
accarje01,Jeremy,Accardo,NULL,NULL
aceveal01,Alfredo,Aceves,NULL,NULL
ackledu01,Dustin,Ackley,28.475153165418654,0.3193220338983051
acostma01,Manny,Acosta,NULL,NULL
adamsda02,David,Adams,1.9328859060402686,0.25165562913907286
adamsma01,Matt,Adams,12.651219512195121,0.32439024390243903
adamsmi03,Mike,Adams,NULL,NULL
adamsry01,Ryan,Adams,1.305263157894737,0.3333333333333333
adcocna01,Nathan,Adcock,0,0
adducji02,Jim,Adduci,0.3235294117647059,0.3235294117647059
adriaeh01,Ehire,Adrianza,0.5263157894736842,0.2631578947368421
affelje01,Jeremy,Affeldt,0,0.25
albaljo01,Jonathan,Albaladejo,NULL,NULL
alberan01,Andrew,Albers,NULL,NULL
alberma01,Matt,Albers,NULL,NULL
albural01,Al,Alburquerque,NULL,NULL
aldrico01,Cory,Aldridge,0.07692307692307693,0.07692307692307693
alfonel01,Eliezer,Alfonzo,1.0756302521008403,0.275
allenbr01,Brandon,Allen,6.664233576642336,0.30324909747292417
allenco01,Cody,Allen,NULL,NULL
almonab01,Abraham,Almonte,1.9230769230769231,0.3125
almoner01,Erick,Almonte,0.10344827586206896,0.10344827586206896
almonzo01,Zoilo,Almonte,1.3839285714285714,0.2743362831858407
alonsyo01,Yonder,Alonso,26.987477638640428,0.3544973544973545
altuvjo01,Jose,Altuve,31.064451827242525,0.325261780104712
alvarhe01,Henderson,Alvarez,1.1612903225806452,0.28125
alvarjo02,Jose,Alvarez,0,0.5
alvarpe01,Pedro,Alvarez,52.147345612134345,0.31149301825993553
amarial01,Alexi,Amarista,14.373983739837398,0.2768817204301075
ambrihe01,Hector,Ambriz,NULL,NULL
amesst01,Steve,Ames,NULL,NULL
amezaal01,Alfredo,Amezaga,0.25,0.24705882352941178
anderbr04,Brett,Anderson,0,0
anderbr05,Bryan,Anderson,0.9846153846153847,0.2647058823529412
anderga01,Garret,Anderson,1.9006211180124224,0.2085889570552147
anderla03,Lars,Anderson,0.2727272727272727,0.26785714285714285
andinro01,Robert,Andino,17.465290806754222,0.3041860465116279
andruel01,Elvis,Andrus,40.94122079879427,0.3417815877748789
anglema01,Matt,Angle,1.4285714285714286,0.29347826086956524
ankieri01,Rick,Ankiel,23.758872651356995,0.29564315352697096
aokino01,Nori,Aoki,28.36647493837305,0.35628502802241796
archech01,Chris,Archer,0,0
arciaos01,Oswaldo,Arcia,9.794117647058824,0.30423280423280424
arenano01,Nolan,Arenado,12.984313725490196,0.30214424951267055
arencjp01,"J. P.",Arencibia,31.531590413943356,0.26021505376344084
ariasjo01,Joaquin,Arias,12.39541547277937,0.2981715893108298
arredjo01,Jose,Arredondo,0,0.5
arrieja01,Jake,Arrieta,0,0.18518518518518517
arroybr01,Bronson,Arroyo,0.6573705179282868,0.13043478260869565
ascanjo01,Jose,Ascanio,NULL,NULL
ascheco01,Cody,Asche,4.355555555555555,0.3131868131868132
atchisc01,Scott,Atchison,NULL,NULL
atilalu01,Luis,Atilano,0,0.04
atkinga01,Garrett,Atkins,2.210526315789474,0.27631578947368424
atkinmi01,Mitch,Atkins,0,0
augenbr01,Bryan,Augenstein,0,1
aumonph01,Phillippe,Aumont,NULL,NULL
ausmubr01,Brad,Ausmus,0.6197183098591549,0.3194444444444444
averyxa01,Xavier,Avery,2.4380952380952383,0.3047619047619048
avilaal01,Alex,Avila,46.94583333333333,0.3533215755437978
avilalu01,Luis,Avilan,0,0.3333333333333333
avilemi01,Mike,Aviles,35.39782345828295,0.29708853238265004
axelrdy01,Dylan,Axelrod,0,0.5
axforjo01,John,Axford,0,0
ayalalu01,Luis,Ayala,NULL,NULL
aybarer01,Erick,Aybar,51.436619718309856,0.31453362255965295
aybarwi01,Willy,Aybar,5.870431893687708,0.3116883116883117
badenbu01,Burke,Badenhop,0.2727272727272727,0.2727272727272727
baezda01,Danys,Baez,0,0
bailean01,Andrew,Bailey,NULL,NULL
baileho02,Homer,Bailey,0.8115942028985508,0.20673076923076922
bakerje03,Jeff,Baker,22.462779156327542,0.31695331695331697
bakerjo01,John,Baker,3.659340659340659,0.30684931506849317
bakersc02,Scott,Baker,0.18181818181818182,0.18181818181818182
baldero01,Rocco,Baldelli,0.48,0.24
balesco01,Collin,Balester,0,0
balfogr01,Grant,Balfour,0,0
banksjo01,Josh,Banks,NULL,NULL
bannibr01,Brian,Bannister,0.2,0.2
bantzbr01,Brandon,Bantz,0,0
barajro01,Rod,Barajas,23.359528487229863,0.2948473282442748
bardda01,Daniel,Bard,0,0
bardebr01,Brian,Barden,0,0.28125
bardjo01,Josh,Bard,4.3076923076923075,0.2679425837320574
barmecl01,Clint,Barmes,32.445544554455445,0.294791070406411
barnebr02,Brandon,Barnes,8.1203007518797,0.281767955801105
barneda01,Darwin,Barney,30.570374574347333,0.29608938547486036
barnesc01,Scott,Barnes,NULL,NULL
bartlja01,Jason,Bartlett,20.27415359207267,0.3103168155970755
bartoda02,Daric,Barton,27.302170283806344,0.3695473251028807
bassan01,Anthony,Bass,0.10526315789473684,0.10526315789473684
bassbr01,Brian,Bass,0,0
bastaan01,Antonio,Bastardo,NULL,NULL
batismi01,Miguel,Batista,0,0.05
bauertr01,Trevor,Bauer,0,0
bautide01,Denny,Bautista,0,1
bautijo02,Jose,Bautista,100.20390070921985,0.3978213507625272
baxtemi01,Mike,Baxter,9.801980198019802,0.3412887828162291
bayja01,Jason,Bay,28.776041666666668,0.31771595900439237
beachbr01,Brandon,Beachy,0.17045454545454544,0.17045454545454544
beatope01,Pedro,Beato,NULL,NULL
beavabl01,Blake,Beavan,0,0
beckch01,Chad,Beck,NULL,NULL
beckejo02,Josh,Beckett,0,0.08571428571428572
beckhgo01,Gordon,Beckham,40.87178192831903,0.3071604938271605
beckhti01,Tim,Beckham,0,0.375
bedarer01,Erik,Bedard,0.13043478260869565,0.13043478260869565
beimejo01,Joe,Beimel,0,0
belfimi01,Mike,Belfiore,NULL,NULL
belisma01,Matt,Belisle,0.4,0.2727272727272727
belisro01,Ronald,Belisario,0,0
belivje01,Jeff,Beliveau,NULL,NULL
bellhe01,Heath,Bell,0,0
belliro01,Ronnie,Belliard,3.8784530386740332,0.29891304347826086
belljo01,Josh,Bell,2.487632508833922,0.22614840989399293
belltr01,Trevor,Bell,0,0
belowdu01,Duane,Below,0,0
beltbr01,Brandon,Belt,40.87530168946098,0.3560666137985726
beltrad01,Adrian,Beltre,100.81821829855538,0.365748031496063
beltrca01,Carlos,Beltran,74.29811866859623,0.36320305052430885
beltren01,Engel,Beltre,0.25,0.2682926829268293
beltrom01,Omar,Beltre,NULL,NULL
benoijo01,Joaquin,Benoit,NULL,NULL
bensojo01,Joe,Benson,1.8918918918918919,0.2702702702702703
bensokr01,Kris,Benson,0,0.2
bergebr02,Brad,Bergesen,0,0.25
bergju01,Justin,Berg,0,0
bergmja01,Jason,Bergmann,NULL,NULL
berkeja01,Jason,Berken,0,0
berkmla01,Lance,Berkman,47.50067567567567,0.39355271994627267
bernaro01,Roger,Bernadina,25.883956386292834,0.3108728943338438
bernido01,Doug,Bernier,1.0161290322580645,0.3492063492063492
berryqu01,Quintin,Berry,6.196923076923077,0.33933933933933935
betande01,Dellin,Betances,NULL,NULL
betanra01,Rafael,Betancourt,NULL,NULL
betanyu01,Yuniesky,Betancourt,38.26804700615557,0.2700165654334622
betemwi01,Wilson,Betemit,34.24431818181818,0.34737827715355807
bethach01,Christian,Bethancourt,0,0
bettich01,Chad,Bettis,0,0
biancje01,Jeff,Bianchi,3.9375,0.2623456790123457
billibr02,Bruce,Billings,NULL,NULL
billich01,Chad,Billingsley,1.1929824561403508,0.19767441860465115
bisenjo01,Joe,Bisenius,NULL,NULL
bixlebr01,Brian,Bixler,2.984042553191489,0.2712765957446808
blackch02,Charlie,Blackmon,11.601694915254237,0.32217573221757323
blackni01,Nick,Blackburn,0,0
blacktr01,Travis,Blackley,0,0
blackvi01,Vic,Black,NULL,NULL
blakeca01,Casey,Blake,19.714828897338403,0.33002481389578164
blaloha01,Hank,Blalock,1.2753623188405796,0.3188405797101449
blancan01,Andres,Blanco,4.89922480620155,0.311787072243346
blancgr01,Gregor,Blanco,22.11957411957412,0.34552845528455284
blanche01,Henry,Blanco,8.358811040339702,0.2694736842105263
blankky01,Kyle,Blanks,13.692307692307692,0.3008
blantjo01,Joe,Blanton,0,0.15217391304347827
blazemi01,Michael,Blazek,NULL,NULL
blevije01,Jerry,Blevins,0,0
bloomwi01,Willie,Bloomquist,19.981042654028435,0.32427366447985007
blumge01,Geoff,Blum,5.565789473684211,0.3127035830618892
bococbr01,Brian,Bocock,0,0
boescbr01,Brennan,Boesch,39.833333333333336,0.3184754521963824
bogaexa01,Xander,Bogaerts,0.9795918367346939,0.32
boggsbr01,Brandon,Boggs,0.5625,0.28125
boggsmi01,Mitchell,Boggs,0,0
bogusbr01,Brian,Bogusevic,16.653543307086615,0.3152454780361757
bondeje01,Jeremy,Bonderman,0,0
bonifem01,Emilio,Bonifacio,27.559014267185475,0.33140655105973027
bonined01,Eddie,Bonine,NULL,NULL
bonsebo01,Boof,Bonser,NULL,NULL
bootcch01,Chris,Bootcheck,NULL,NULL
borboju01,Julio,Borbon,8.108108108108109,0.30357142857142855
boscajc01,"J. C.",Boscan,0.27586206896551724,0.3
boshebu01,Buddy,Boshers,NULL,NULL
bourgja01,Jason,Bourgeois,6.196581196581197,0.30982905982905984
bourjpe01,Peter,Bourjos,24.760330578512395,0.3064516129032258
bournmi01,Michael,Bourn,53.432516530532865,0.3416795069337442
bowdemi01,Michael,Bowden,0,0
bowerce01,Cedrick,Bowers,NULL,NULL
bowkejo01,John,Bowker,3.92,0.27722772277227725
boxbebr01,Brad,Boxberger,0,0
boyerbl01,Blaine,Boyer,0,0
brachbr01,Brad,Brach,NULL,NULL
brackan01,Andrew,Brackman,NULL,NULL
braddza01,Zach,Braddock,NULL,NULL
bradeda01,Dallas,Braden,0,0
bradlja02,Jackie,Bradley,2.1333333333333333,0.2803738317757009
bradlmi01,Milton,Bradley,8.051413881748072,0.3037974683544304
brantmi02,Michael,Brantley,45.37821782178218,0.33284457478005863
brantro01,Rob,Brantly,6.3474576271186445,0.30362116991643456
branyru01,Russell,Branyan,17.782456140350877,0.3194444444444444
brasiry01,Ryan,Brasier,NULL,NULL
braunry02,Ryan,Braun,97.62130707251566,0.3897707231040564
braybi01,Bill,Bray,NULL,NULL
brazoyh01,Yhency,Brazoban,NULL,NULL
breslcr01,Craig,Breslow,0,0
brewech01,Charles,Brewer,NULL,NULL
brignre01,Reid,Brignac,8.375533428165006,0.2651622002820874
brittdr01,Drake,Britton,NULL,NULL
brittza01,Zach,Britton,1.25,0.625
brodebr01,Brian,Broderick,NULL,NULL
brothre01,Rex,Brothers,0,0
brownan02,Andrew,Brown,7.200647249190938,0.2861736334405145
brownba01,Barret,Browning,0,0
brownco01,Corey,Brown,1.25,0.25
browndo01,Domonic,Brown,29.7431906614786,0.3256484149855908
browndu01,Dusty,Brown,0.17073170731707318,0.17073170731707318
brownjo05,Jordan,Brown,2.0934579439252334,0.26605504587155965
broxtjo01,Jonathan,Broxton,NULL,NULL
bruceja01,Jay,Bruce,90.99340318199457,0.3477760736196319
brummty01,Tyson,Brummett,NULL,NULL
brunebr01,Brian,Bruney,NULL,NULL
buchhcl01,Clay,Buchholz,0,0.3333333333333333
buchhta01,Taylor,Buchholz,0,0.3333333333333333
buckjo01,John,Buck,39.779718309859156,0.3110497237569061
bucknbi02,Billy,Buckner,0,0.4
bucktr01,Travis,Buck,5.830388692579505,0.2743055555555556
buddery01,Ryan,Budde,0.9090909090909091,0.45454545454545453
buehrma01,Mark,Buehrle,0.10256410256410256,0.05128205128205128
buenofr01,Francisley,Bueno,NULL,NULL
buentja01,Jay,Buente,0,0
bulgeja01,Jason,Bulger,NULL,NULL
bullibr01,Bryan,Bullington,NULL,NULL
bumgama01,Madison,Bumgarner,1.4978723404255319,0.1864406779661017
bundydy01,Dylan,Bundy,NULL,NULL
burgohi01,Hiram,Burgos,0,0.125
burkegr01,Greg,Burke,0,0
burkeja02,Jamie,Burke,NULL,NULL
burneaj01,"A. J.",Burnett,0,0.1
burneal01,Alex,Burnett,NULL,NULL
burnese01,Sean,Burnett,0,1
burnsco01,Cory,Burns,0,0
burrebr01,Brian,Burres,0.10714285714285714,0.10714285714285714
burrepa01,Pat,Burrell,20.523076923076925,0.353030303030303
burriem01,Emmanuel,Burriss,0.5152542372881356,0.26666666666666666
burrose01,Sean,Burroughs,1.6488549618320612,0.2727272727272727
burtoja01,Jared,Burton,NULL,NULL
bushda01,Dave,Bush,0.19298245614035087,0.19298245614035087
bussni01,Nick,Buss,0,0.15
buterdr01,Drew,Butera,6.126679462571977,0.22932330827067668
butlebi03,Billy,Butler,86.96480177843645,0.3838015322874863
butlejo04,Joey,Butler,0.9333333333333333,0.4666666666666667
butleke01,Keith,Butler,NULL,NULL
byrdati01,Tim,Byrdak,0,0
byrdma01,Marlon,Byrd,48.987215119510836,0.3308067135896048
byrneer01,Eric,Byrnes,0.47368421052631576,0.23684210526315788
cabrace01,Cesar,Cabral,NULL,NULL
cabreal03,Alberto,Cabrera,NULL,NULL
cabreas01,Asdrubal,Cabrera,58.54676909173068,0.3269827204253434
cabreed01,Edwar,Cabrera,0,0
cabreev01,Everth,Cabrera,18.84476534296029,0.3288530465949821
cabrefe01,Fernando,Cabrera,NULL,NULL
cabreme01,Melky,Cabrera,58.56681138446696,0.3486370157819225
cabremi01,Miguel,Cabrera,140.914598540146,0.443963963963964
cabreor01,Orlando,Cabrera,16.537917087967646,0.2857142857142857
cahiltr01,Trevor,Cahill,0.208,0.104
cainlo01,Lorenzo,Cain,19.058823529411764,0.31990794016110474
cainma01,Matt,Cain,0.9473684210526315,0.15730337078651685
cairomi01,Miguel,Cairo,13.23464566929134,0.3103975535168196
calhoko01,Kole,Calhoun,6.1735537190082646,0.3387096774193548
callaal01,Alberto,Callaspo,43.27929597035665,0.33623853211009175
camermi01,Mike,Cameron,10.17687074829932,0.30201342281879195
caminar01,Arquimedes,Caminero,NULL,NULL
campato01,Tony,Campana,3.4603580562659846,0.3163265306122449
campsh01,Shawn,Camp,0,1
cancero01,Robinson,Cancel,0,0.25
canoro01,Robinson,Cano,115.50454050127134,0.38453314326443333
cantujo01,Jorge,Cantu,13.724770642201834,0.28912071535022354
canzlru01,Russ,Canzler,1.8823529411764706,0.3106796116504854
cappsca01,Carter,Capps,NULL,NULL
cappsma01,Matt,Capps,0,0
capuach01,Chris,Capuano,0.33766233766233766,0.08387096774193549
cardead01,Adrian,Cardenas,1.6764705882352942,0.27941176470588236
carides01,Esmailin,Caridad,NULL,NULL
carigan01,Andrew,Carignan,NULL,NULL
carlilu01,Luke,Carlin,1,0.3333333333333333
carlsje01,Jesse,Carlson,NULL,NULL
carlybu01,Buddy,Carlyle,NULL,NULL
carmofa01,Roberto,Hernandez,0,0
carpean01,Drew,Carpenter,0,0
carpech01,Chris,Carpenter,0.6052631578947368,0.1568627450980392
carpech02,Chris,Carpenter,NULL,NULL
carpeda01,David,Carpenter,0,0.2
carpeda02,David,Carpenter,NULL,NULL
carpema01,Matt,Carpenter,40.76190476190476,0.3828996282527881
carpmi01,Mike,Carp,23.53488372093023,0.33163913595933925
carraca01,Carlos,Carrasco,0,0
carradj01,"D. J.",Carrasco,0,0
carreez01,Ezequiel,Carrera,6.622448979591836,0.30730478589420657
carrejo01,Joel,Carreno,0,0
carrobr01,Brett,Carroll,1.6,0.3163265306122449
carroja01,Jamey,Carroll,22.534369396294082,0.3476977567886659
carsoma01,Matt,Carson,2.0372670807453415,0.2545454545454545
carsoro01,Robert,Carson,0,1
cartech01,Chris,Carter,4.067039106145251,0.31666666666666665
cartech02,Chris,Carter,27.60751565762004,0.3171987641606591
cashke01,Kevin,Cash,0.96,0.24603174603174602
cashnan01,Andrew,Cashner,0.49230769230769234,0.24615384615384617
casilal01,Alexi,Casilla,19.66386554621849,0.30340557275541796
cassebo01,Bobby,Cassevah,NULL,NULL
casteal01,Alex,Castellanos,0.6829268292682927,0.18604651162790697
casteni01,Nick,Castellanos,0,0.2777777777777778
castial02,Alberto,Castillo,NULL,NULL
castile01,Lendy,Castillo,NULL,NULL
castilu01,Luis,Castillo,2.048780487804878,0.3391003460207612
castiwe01,Welington,Castillo,17.3875,0.34603658536585363
castrja01,Jason,Castro,29.656970912738213,0.33630952380952384
castrju01,Juan,Castro,1.25,0.24675324675324675
castrra01,Ramon,Castro,5.467336683417085,0.32
castrsi01,Simon,Castro,NULL,NULL
castrst01,Starlin,Castro,62.86926340146548,0.3255902513328256
catalfr01,Frank,Catalanotto,0.19230769230769232,0.19230769230769232
cecilbr01,Brett,Cecil,0,0
cedajo01,Jose,Ceda,0,0
cedenro02,Ronny,Cedeno,30.277185501066096,0.3040112596762843
cedenxa01,Xavier,Cedeno,0,0
centeju01,Juan,Centeno,0,0.3
cervefr01,Francisco,Cervelli,9.672727272727272,0.35363457760314343
cespeyo01,Yoenis,Cespedes,33.75768535262206,0.3300711743772242
chacigu01,Gustavo,Chacin,1,1
chacijh01,Jhoulys,Chacin,0.979381443298969,0.19796954314720813
chambad01,Adron,Chambers,1.24,0.31683168316831684
chambjo03,Joba,Chamberlain,NULL,NULL
chapmar01,Aroldis,Chapman,0,0
chapmja02,Jaye,Chapman,NULL,NULL
chapmke02,Kevin,Chapman,NULL,NULL
chatwty01,Tyler,Chatwood,0.6774193548387096,0.3387096774193548
chaveen01,Endy,Chavez,11.418670438472418,0.29213483146067415
chaveer01,Eric,Chavez,24.41958041958042,0.3352402745995423
chaveje01,Jesse,Chavez,0,0
chenbr01,Bruce,Chen,0,0.3333333333333333
chenwe02,Wei-Yin,Chen,0,0
chicoma01,Matt,Chico,0,0
chiriro01,Robinson,Chirinos,1.6,0.26666666666666666
chiselo01,Lonnie,Chisenhall,16.86390532544379,0.28487518355359764
choatra01,Randy,Choate,NULL,NULL
choicmi01,Michael,Choice,0.3157894736842105,0.3157894736842105
choosh01,Shin-Soo,Choo,74.58563535911603,0.3957816377171216
chrisju01,Justin,Christian,1.4181818181818182,0.23636363636363636
chrisni01,Nick,Christiani,NULL,NULL
chulkvi01,Vinnie,Chulk,NULL,NULL
churcry01,Ryan,Church,5.686440677966102,0.26778242677824265
cingrto01,Tony,Cingrani,0.2413793103448276,0.2413793103448276
ciriape01,Pedro,Ciriaco,9.995505617977528,0.3131991051454139
cishest01,Steve,Cishek,0,0
cisnejo01,Jose,Cisnero,0,0
claibpr01,Preston,Claiborne,NULL,NULL
clarkco01,Cody,Clark,0.1282051282051282,0.1282051282051282
clarkza01,Zach,Clark,NULL,NULL
clemeje01,Jeff,Clement,2.672316384180791,0.24581005586592178
clemepa02,Paul,Clemens,NULL,NULL
cletoma01,Maikel,Cleto,0,0
clevest01,Steve,Clevenger,3.888888888888889,0.26229508196721313
clevlbr01,Brent,Clevlen,0.25,0.25
clippty01,Tyler,Clippard,0,0.25
cloydty01,Tyler,Cloyd,0.23529411764705882,0.23529411764705882
cobbal01,Alex,Cobb,0,0
coellro01,Robert,Coello,NULL,NULL
coffeto01,Todd,Coffey,0,0
coghlch01,Chris,Coghlan,21.51696606786427,0.3113948919449902
cokeph01,Phil,Coke,0,0
colabch01,Chris,Colabello,2.8333333333333335,0.287292817679558
colege01,Gerrit,Cole,0,0.22857142857142856
colemca01,Casey,Coleman,0.4897959183673469,0.16326530612244897
colemlo01,Louis,Coleman,0,0
colliti01,Tim,Collins,0,0
collmjo01,Josh,Collmenter,0,0.18055555555555555
colomal01,Alex,Colome,0,0
colomje01,Jesus,Colome,NULL,NULL
colonba01,Bartolo,Colon,0,0
colonro01,Roman,Colon,0,0
colvity01,Tyler,Colvin,34.36893203883495,0.29334500875656744
congeha01,Hank,Conger,10.8562874251497,0.3005893909626719
conrabr01,Brooks,Conrad,10.93939393939394,0.29
constjo01,Jose,Constanza,1.9655172413793103,0.3275862068965517
contrjo01,Jose,Contreras,NULL,NULL
cookaa01,Aaron,Cook,0.2972972972972973,0.14864864864864866
cookry01,Ryan,Cook,NULL,NULL
coopeda01,David,Cooper,7.351351351351352,0.30973451327433627
coraal01,Alex,Cora,4.28169014084507,0.2774725274725275
corbipa01,Patrick,Corbin,0.7211538461538461,0.1523809523809524
cordech01,Chad,Cordero,NULL,NULL
cordefr01,Francisco,Cordero,0,0
cormila01,Lance,Cormier,0,0
corpama01,Manny,Corpas,0,0.18181818181818182
corpoca01,Carlos,Corporan,7.287610619469026,0.2863247863247863
correke01,Kevin,Correia,0.3673469387755102,0.12244897959183673
corteda02,Dan,Cortes,NULL,NULL
cosarja01,Jarred,Cosart,NULL,NULL
costami01,Mike,Costanzo,0,0.09523809523809523
cottsne01,Neal,Cotts,NULL,NULL
counscr01,Craig,Counsell,4.227722772277228,0.30656934306569344
cousisc01,Scott,Cousins,2.860103626943005,0.23834196891191708
cowgico01,Collin,Cowgill,5.232,0.2898936170212766
cozarza01,Zack,Cozart,28.551470588235293,0.2882447665056361
craigal01,Allen,Craig,49.4269340974212,0.35980323260716796
crainje01,Jesse,Crain,0,0
cramebo01,Bobby,Cramer,NULL,NULL
crawfbr01,Brandon,Crawford,24.381144238517326,0.3115537848605578
crawfca02,Carl,Crawford,53.13208616780045,0.3277404921700224
crawfev01,Evan,Crawford,NULL,NULL
crispco01,Coco,Crisp,51.84170471841705,0.32915203211239336
crosbbo01,Bobby,Crosby,3.2941176470588234,0.30158730158730157
crosbca01,Casey,Crosby,NULL,NULL
crottmi01,Michael,Crotta,NULL,NULL
crowaa01,Aaron,Crow,NULL,NULL
crowetr01,Trevor,Crowe,11.557664233576642,0.29941860465116277
cruzju02,Juan,Cruz,NULL,NULL
cruzlu01,Luis,Cruz,8.224489795918368,0.27309236947791166
cruzne02,Nelson,Cruz,75.9253438113949,0.3341404358353511
cruzrh01,Rhiner,Cruz,0,0
cruzto03,Tony,Cruz,6.492401215805471,0.2754491017964072
cuddymi01,Michael,Cuddyer,73.65217391304348,0.3531009506564056
cuetojo01,Johnny,Cueto,0.1099476439790576,0.1099476439790576
culbech01,Charlie,Culberson,2.0555555555555554,0.29133858267716534
cumptbr01,Brandon,Cumpton,0,0.1
cunniaa01,Aaron,Cunningham,8.213872832369942,0.288135593220339
cunnito01,Todd,Cunningham,0,0.25
curtico01,Colin,Curtis,0.9523809523809523,0.25
curtije01,Jermaine,Curtis,0,0.4
custja01,Jack,Cust,19.050872093023255,0.37733142037302725
daiglca01,Casey,Daigle,NULL,NULL
daleyma01,Matt,Daley,NULL,NULL
damonjo01,Johnny,Damon,37.25613079019074,0.33243425488873907
danksjo01,John,Danks,0,0
danksjo02,Jordan,Danks,4.239043824701195,0.3031496062992126
darnach01,Chase,d'Arnaud,1.8300653594771241,0.23225806451612904
darnatr01,Travis,d'Arnaud,1.1531531531531531,0.2857142857142857
darneja01,James,Darnell,1.5217391304347827,0.3
darviyu01,Yu,Darvish,0,0.16666666666666666
davidma02,Matt,Davidson,3,0.3409090909090909
davieky01,Kyle,Davies,0,0
davisbl01,Blake,Davis,1.6153846153846154,0.3230769230769231
davisbr03,Brad,Davis,3.1166666666666667,0.28225806451612906
davisch02,Chris,Davis,60.23111111111111,0.34684965689332503
davisdo02,Doug,Davis,0,0
daviser02,Erik,Davis,NULL,NULL
davisik02,Ike,Davis,51.16822429906542,0.3402777777777778
daviskh01,Khris,Davis,7,0.35294117647058826
davisra01,Rajai,Davis,37.25101921956902,0.30716332378223493
daviswa01,Wade,Davis,0,0.25
deazaal01,Alejandro,"De Aza",38.32379623168179,0.3447802197802198
deckeja01,Jaff,Decker,0.2413793103448276,0.23333333333333334
dedunsa01,Sam,Deduno,0,0
defraju01,Justin,"De Fratus",NULL,NULL
dejesda01,David,DeJesus,50.924226254002136,0.3458725182863114
dejesiv02,Ivan,"De Jesus",0.7692307692307693,0.25316455696202533
delabst01,Steve,Delabar,NULL,NULL
delaceu01,Frankie,"De La Cruz",NULL,NULL
delanro01,Rob,Delaney,NULL,NULL
delarda01,Dane,"De La Rosa",NULL,NULL
delareu01,Eury,"De La Rosa",0,0
delarjo01,Jorge,"De La Rosa",0.2975206611570248,0.1487603305785124
delarru01,Rubby,"De La Rosa",0,0.26666666666666666
delatjo01,Jose,"De La Torre",NULL,NULL
delcama01,Manny,Delcarmen,0,0
deleojo02,Jorge,"De Leon",NULL,NULL
delgara01,Randall,Delgado,0,0.20588235294117646
delosfa01,Fautino,"De Los Santos",NULL,NULL
delroen01,Enerio,"Del Rosario",NULL,NULL
demelsa01,Sam,Demel,NULL,NULL
dempsry01,Ryan,Dempster,0.22666666666666666,0.11333333333333333
dendema01,Matt,"den Dekker",0.5161290322580645,0.2698412698412698
denorch01,Chris,Denorfia,38.20492866407263,0.34102564102564104
derosma01,Mark,DeRosa,9.746212121212121,0.31784386617100374
descada01,Daniel,Descalso,24.537084398976983,0.3193629505448449
desmoia01,Ian,Desmond,64.17574989438107,0.32014987510407994
desseel01,Elmer,Dessens,NULL,NULL
detwiro01,Ross,Detwiler,0,0.08421052631578947
devinjo01,Joey,Devine,NULL,NULL
devrico01,Cole,"De Vries",NULL,NULL
dewitbl01,Blake,DeWitt,18.10909090909091,0.32605905006418484
diamosc01,Scott,Diamond,0,0.14285714285714285
diamoth01,Thomas,Diamond,0,0.125
diazar01,Argenis,Diaz,0.32432432432432434,0.32432432432432434
diazjo02,Jonathan,Diaz,0,0
diazju02,Juan,Diaz,0,0.35294117647058826
diazma02,Matt,Diaz,14.39375,0.2995391705069124
dickech01,Chris,Dickerson,4.932384341637011,0.2746478873239437
dickeco01,Corey,Dickerson,7.338095238095238,0.3160377358490566
dickera01,"R. A.",Dickey,0.59375,0.20207253886010362
dicksbr01,Brandon,Dickson,0,0.6
diekmja01,Jake,Diekman,NULL,NULL
dietrde01,Derek,Dietrich,5.365638766519824,0.2777777777777778
difelma01,Mark,DiFelice,NULL,NULL
dillati01,Tim,Dillard,NULL,NULL
dinkebr01,Brian,Dinkelman,0.35443037974683544,0.3625
dirksan01,Andy,Dirks,25.876425855513308,0.3352165725047081
dobbsgr01,Greg,Dobbs,23.45679012345679,0.3098705501618123
dolisra01,Rafael,Dolis,NULL,NULL
dominjo01,Jose,Dominguez,0,0
dominma01,Matt,Dominguez,16.937414965986395,0.292
donalja01,Jason,Donald,11.806122448979592,0.31166666666666665
donaljo02,Josh,Donaldson,31.510725229826352,0.3510531594784353
donnebr01,Brendan,Donnelly,NULL,NULL
doolise01,Sean,Doolittle,NULL,NULL
doteloc01,Octavio,Dotel,0,0
doubrfe01,Felix,Doubront,0,0
doumiry01,Ryan,Doumit,49.9448275862069,0.3305084745762712
downsda02,Darin,Downs,NULL,NULL
downsma01,Matt,Downs,14.151277013752456,0.30268199233716475
downssc01,Scott,Downs,NULL,NULL
doziebr01,Brian,Dozier,21.48884165781084,0.2973821989528796
drabeky01,Kyle,Drabek,0,0
drewjd01,"J. D.",Drew,19.785714285714285,0.33730631704410013
drewst01,Stephen,Drew,54.20941828254848,0.3347993402968664
duchsju01,Justin,Duchscherer,NULL,NULL
dudalu01,Lucas,Duda,35.445859872611464,0.3454968944099379
duensbr01,Brian,Duensing,0,0
duffyda01,Danny,Duffy,0,0
dukeza01,Zach,Duke,0.7567567567567568,0.1891891891891892
dumatph01,Phil,Dumatrait,NULL,NULL
duncash01,Shelley,Duncan,22.475151515151516,0.31145584725536996
dunnad01,Adam,Dunn,69.98661087866108,0.3330578512396694
dunnija01,Jake,Dunning,NULL,NULL
dunnmi01,Mike,Dunn,0,0
duranlu01,Luis,Durango,0,0.3050847457627119
durbich01,Chad,Durbin,0,0
dwyerch01,Chris,Dwyer,NULL,NULL
dysonja01,Jarrod,Dyson,11.678571428571429,0.3240058910162003
dysonsa01,Sam,Dyson,0,0
eatonad02,Adam,Eaton,7.60655737704918,0.3324468085106383
eckstda01,David,Eckstein,7.4200426439232405,0.32083333333333336
edginjo01,Josh,Edgin,NULL,NULL
edlefst01,Steve,Edlefsen,0,0
edmonji01,Jim,Edmonds,11.585185185185185,0.34191176470588236
egberja01,Jack,Egbert,NULL,NULL
ekstrmi01,Mike,Ekstrom,NULL,NULL
elbersc01,Scott,Elbert,NULL,NULL
eldrebr01,Brad,Eldred,1.1162790697674418,0.29545454545454547
ellisaj01,"A. J.",Ellis,25.22126188418323,0.3595600676818951
ellisma01,Mark,Ellis,35.323498419388834,0.32715095311695
ellsbja01,Jacoby,Ellsbury,54.643922018348626,0.35200905489530276
elmorja01,Jake,Elmore,2.912621359223301,0.2898550724637681
elyjo01,John,Ely,0,0.125
emausbr01,Brad,Emaus,0,0.27906976744186046
encared01,Edwin,Encarnacion,79.48531468531469,0.3608058608058608
englije01,Jesse,English,NULL,NULL
enrigba01,Barry,Enright,0.5106382978723404,0.25
eovalna01,Nathan,Eovaldi,0,0.11688311688311688
eppleco01,Cody,Eppley,NULL,NULL
erlinro01,Robbie,Erlin,0,0.11764705882352941
escaled01,Edgmer,Escalona,0,0
escalse01,Sergio,Escalona,NULL,NULL
escobal02,Alcides,Escobar,38.19001677852349,0.29560530679933666
escobed01,Eduardo,Escobar,4.2,0.2804878048780488
escobyu01,Yunel,Escobar,43.200873362445414,0.33563119345109865
espinda01,Danny,Espinosa,39.173213135866064,0.3065830721003135
esposbr01,Brian,Esposito,0,0
estrama01,Marco,Estrada,0.7555555555555555,0.18888888888888888
ethiean01,Andre,Ethier,74.16298222800174,0.37073378839590443
evansni01,Nick,Evans,6.315789473684211,0.31601731601731603
evanste01,Terry,Evans,0,0
evelada01,Dana,Eveland,0,0.09090909090909091
everead01,Adam,Everett,1.48,0.24503311258278146
exposlu01,Luis,Exposito,0,0.19047619047619047
eyrewi01,Willie,Eyre,NULL,NULL
faluir01,Irving,Falu,2.5591397849462365,0.3655913978494624
familje01,Jeurys,Familia,0,0
farnsky01,Kyle,Farnsworth,NULL,NULL
farquda01,Danny,Farquhar,NULL,NULL
farrier01,Eric,Farris,0,0.2
federti01,Tim,Federowicz,3.5876288659793816,0.3010204081632653
feldmsc01,Scott,Feldman,0.6808510638297872,0.1702127659574468
felicje01,Jesus,Feliciano,1.3596491228070176,0.27586206896551724
felicpe01,Pedro,Feliciano,NULL,NULL
felizne01,Neftali,Feliz,0,0
felizpe01,Pedro,Feliz,4.626477541371158,0.24186046511627907
fernajo02,Jose,Fernandez,0.66,0.21568627450980393
fickch01,"C. J.",Fick,NULL,NULL
fieldjo02,Josh,Fields,0.96,0.32
fieldjo03,Josh,Fields,NULL,NULL
fieldpr01,Prince,Fielder,103.53297682709447,0.41215277777777776
fieldth01,Thomas,Field,0,0.2716049382716049
fienca01,Casey,Fien,NULL,NULL
fiersmi01,Mike,Fiers,0,0.08333333333333333
fifest01,Stephen,Fife,0.16,0.16
figaral01,Alfredo,Figaro,0,0.25
figgich01,Chone,Figgins,13.94534585824082,0.30236486486486486
figuene01,Nelson,Figueroa,0.23076923076923078,0.23076923076923078
figuepe01,Pedro,Figueroa,NULL,NULL
fisheca01,Carlos,Fisher,0,0
fistedo01,Doug,Fister,0.26666666666666666,0.26666666666666666
flahery01,Ryan,Flaherty,8.149882903981265,0.28440366972477066
floreje02,Jesus,Flores,6.7357512953367875,0.258974358974359
florera01,Randy,Flores,NULL,NULL
florewi01,Wilmer,Flores,1.5,0.24752475247524752
floripe01,Pedro,Florimon,9.738617200674536,0.2792642140468227
flowety01,Tyler,Flowers,11.935483870967742,0.27797202797202797
floydga01,Gavin,Floyd,0,0.25
flynnbr01,Brian,Flynn,0,0.4
fontemi01,Mike,Fontenot,13.655172413793103,0.32741935483870965
fontwi01,Wilmer,Font,NULL,NULL
fordda03,Darren,Ford,0,0.375
fordle01,Lew,Ford,1.5384615384615385,0.2564102564102564
forsylo01,Logan,Forsythe,13.758344459279039,0.31413612565445026
fowlede01,Dexter,Fowler,62.134502923976605,0.36890391115403187
foxja02,Jake,Fox,6.4575645756457565,0.2733812949640288
foxma01,Matt,Fox,NULL,NULL
francbe01,Ben,Francisco,17.366120218579233,0.31501340482573725
francfr01,Frank,Francisco,NULL,NULL
francje01,Jeff,Francis,0.16883116883116883,0.175
francje02,Jeff,Francoeur,49.20822880080281,0.3053921568627451
francju02,Juan,Francisco,19.48993288590604,0.2978723404255319
frandke01,Kevin,Frandsen,12.948356807511738,0.3252279635258359
frankni01,Nick,Franklin,10.092233009708737,0.3050847457627119
frankry01,Ryan,Franklin,0,0
frasoja01,Jason,Frasor,NULL,NULL
frazije01,Jeff,Frazier,0.25,0.25
frazito01,Todd,Frazier,35.06896551724138,0.31956155143338955
freemfr01,Freddie,Freeman,59.57847295864263,0.3641558441558442
freemju02,Justin,Freeman,NULL,NULL
freemsa01,Sam,Freeman,NULL,NULL
freesda01,David,Freese,44.040284360189574,0.3569767441860465
freimna01,Nate,Freiman,4.205882352941177,0.3269230769230769
frenclu01,Luke,French,0,0
friedch01,Christian,Friedrich,0,0.17857142857142858
frierer01,Ernesto,Frieri,0,0
fryerer01,Eric,Fryer,0.8235294117647058,0.4117647058823529
fuentbr01,Brian,Fuentes,NULL,NULL
fuentre01,Reymond,Fuentes,0,0.2222222222222222
fujikky01,Kyuji,Fujikawa,NULL,NULL
fukudko01,Kosuke,Fukudome,26.21555763823805,0.3540315106580167
fulchje01,Jeff,Fulchino,0,0
fuldsa01,Sam,Fuld,10.934328358208955,0.2973372781065089
furbuch01,Charlie,Furbush,NULL,NULL
furcara01,Rafael,Furcal,28.933638443935926,0.3338368580060423
gabinar01,Armando,Gabino,NULL,NULL
galarar01,Armando,Galarraga,0,0
gallase01,Sean,Gallagher,0,0.125
gallayo01,Yovani,Gallardo,4.9505703422053235,0.24150943396226415
galvifr01,Freddy,Galvis,9.213429256594724,0.2727272727272727
gamelma01,Mat,Gamel,1.5,0.2605042016806723
garciav01,Avisail,Garcia,5.4243421052631575,0.32142857142857145
garcich02,Christian,Garcia,NULL,NULL
garcifr02,Freddy,Garcia,0,0
garcija01,Santiago,Casilla,0,0.5
garcija02,Jaime,Garcia,0.8516483516483516,0.17032967032967034
garcile02,Leury,Garcia,0.5,0.24770642201834864
garcilu03,Luis,Garcia,0,0
garcion01,Onelki,Garcia,NULL,NULL
gardnbr01,Brett,Gardner,42.01594533029613,0.35910364145658263
garkory01,Ryan,Garko,0,0.1891891891891892
garlajo01,Jon,Garland,0.4731182795698925,0.23404255319148937
garneco01,Cole,Garner,0,0.3
garrist01,Steve,Garrison,NULL,NULL
garzama01,Matt,Garza,0.22413793103448276,0.1271186440677966
gastjo01,John,Gast,0,0.16666666666666666
gathrjo01,Joey,Gathright,0,1
gattiev01,Evan,Gattis,12.300791556728232,0.2979274611398964
gaubjo01,John,Gaub,NULL,NULL
gaudich01,Chad,Gaudin,0,0.08571428571428572
gausmke01,Kevin,Gausman,0,0
gearrco01,Cory,Gearrin,NULL,NULL
geedi01,Dillon,Gee,0.6842105263157895,0.17532467532467533
geltzst01,Steve,Geltz,NULL,NULL
gennesc01,Scooter,Gennett,6.7309417040358746,0.35555555555555557
gentrcr01,Craig,Gentry,14.032394366197183,0.3622795115332429
germaes01,Esteban,German,0.8571428571428571,0.41379310344827586
germaju01,Justin,Germano,0,0.1111111111111111
germego01,Gonzalez,Germen,0,0
gerutjo01,Jody,Gerut,1.6081081081081081,0.22972972972972974
gervasa01,Sammy,Gervacio,NULL,NULL
getzch01,Chris,Getz,11.922651933701658,0.30776255707762556
giambja01,Jason,Giambi,19.076023391812864,0.3492957746478873
giavojo01,Johnny,Giavotella,7.4105011933174225,0.2783018867924528
gibboja01,Jay,Gibbons,3.2142857142857144,0.32167832167832167
gibsoky01,Kyle,Gibson,NULL,NULL
gillaco01,Conor,Gillaspie,9.861224489795918,0.3058350100603622
gilleco01,Cole,Gillespie,3.8440860215053765,0.3
gimench01,Chris,Gimenez,4.364372469635628,0.31048387096774194
gimenhe01,Hector,Gimenez,1.7234042553191489,0.29292929292929293
gindlca01,Caleb,Gindl,4.849673202614379,0.34415584415584416
glaustr01,Troy,Glaus,11.68972746331237,0.3463917525773196
gloadro01,Ross,Gload,6.815686274509804,0.3125
godfrgr01,Graham,Godfrey,0,0
goinsry01,Ryan,Goins,1.8512396694214877,0.2644628099173554
goldspa01,Paul,Goldschmidt,60.7123473541384,0.3856951871657754
golsogr01,Greg,Golson,0.5142857142857142,0.2571428571428571
gomesbr01,Brandon,Gomes,0,0.5
gomesjo01,Jonny,Gomes,43.49624060150376,0.34424242424242424
gomesya01,Yan,Gomes,12.216867469879517,0.32407407407407407
gomezca01,Carlos,Gomez,43.86206896551724,0.31292941911305433
gomezhe01,Hector,Gomez,0,0.5
gomezje01,Jeanmar,Gomez,0,0.11764705882352941
gomezma01,Mauro,Gomez,2.9454545454545453,0.32432432432432434
gonzaad01,Adrian,Gonzalez,100.59165154264973,0.3876967095851216
gonzaal02,Alex,Gonzalez,33.91607898448519,0.2799442896935933
gonzaal03,Alberto,Gonzalez,7.319298245614035,0.26252158894645944
gonzaca01,Carlos,Gonzalez,92.96576905522592,0.37803780378037805
gonzaed01,Edgar,Gonzalez,0,0.2727272727272727
gonzaen01,Enrique,Gonzalez,NULL,NULL
gonzagi01,Gio,Gonzalez,0.40310077519379844,0.10687022900763359
gonzama01,Marwin,Gonzalez,7.204176334106728,0.2662037037037037
gonzami02,Mike,Gonzalez,NULL,NULL
gonzami03,Miguel,Gonzalez,0,0
gonzami04,Miguel,Gonzalez,0,0.2222222222222222
gordoal01,Alex,Gordon,74.9594423320659,0.3556851311953353
gordobr01,Brian,Gordon,0,0.5
gordode01,Dee,Gordon,7.8,0.3033033033033033
gorzeto01,Tom,Gorzelanny,0,0.14893617021276595
gosean01,Anthony,Gose,6.949253731343283,0.29376854599406527
gosewtu01,Tuffy,Gosewisch,0.35555555555555557,0.17391304347826086
gosseph01,Philip,Gosselin,0,0.5
grabojo02,John,Grabow,NULL,NULL
grahaty01,Tyler,Graham,0,0
grandcu01,Curtis,Granderson,70.73374466065496,0.33706293706293705
grandya01,Yasmani,Grandal,9.63855421686747,0.3857566765578635
grayje02,Jeff,Gray,NULL,NULL
grayso01,Sonny,Gray,NULL,NULL
greenad01,Adam,Greenberg,0,0
greengr01,Grant,Green,3,0.3006535947712418
greenni01,Nick,Green,1.3980582524271845,0.2636363636363636
greense01,Sean,Green,NULL,NULL
greenta01,Taylor,Green,3.38,0.2662337662337662
greenty02,Tyler,Greene,12.87459807073955,0.30078740157480316
gregelu01,Luke,Gregerson,0,0
greggke01,Kevin,Gregg,NULL,NULL
gregodi01,Didi,Gregorius,8.563245823389021,0.3380281690140845
greinza01,Zack,Greinke,2.2051282051282053,0.27848101265822783
griffaj01,"A. J.",Griffin,0,0.2
griffke02,Ken,Griffey,0.5046728971962616,0.25
grillja01,Jason,Grilli,0,0
grimmju01,Justin,Grimm,0,0
grossga01,Gabe,Gross,3.883817427385892,0.2962962962962963
grossro01,Robbie,Grossman,5.914285714285715,0.3321554770318021
grudzma01,Mark,Grudzielanek,0,0.3277310924369748
guerrja01,Javy,Guerra,0,1
guerrma02,Matt,Guerrier,0,0.5
guerrvl01,Vladimir,Guerrero,33.334156378600824,0.33601933924254634
guillca01,Carlos,Guillen,9.49468085106383,0.31398416886543534
guilljo01,Jose,Guillen,12.96947935368043,0.31542461005199307
guilmpr01,Preston,Guilmet,NULL,NULL
guthrje01,Jeremy,Guthrie,0.13157894736842105,0.13157894736842105
gutiefr01,Franklin,Gutierrez,25.170731707317074,0.29237947122861585
gutieju01,"J. C.",Gutierrez,NULL,NULL
guyerbr01,Brandon,Guyer,0.8163265306122449,0.20408163265306123
guzmacr01,Cristian,Guzman,5.56701030927835,0.31645569620253167
guzmafr01,Freddy,Guzman,NULL,NULL
guzmaje01,Jesus,Guzman,27.5364238410596,0.3304157549234136
gwynnto02,Tony,Gwynn,14.194297782470962,0.3025210084033613
gyorkje01,Jedd,Gyorko,14.60576923076923,0.30228136882129275
hackeer01,Eric,Hacker,0,0
haegech01,Charlie,Haeger,0,0.125
hafnetr01,Travis,Hafner,38.69387755102041,0.3586109142452162
hagadni01,Nick,Hagadone,NULL,NULL
haguema01,Matt,Hague,0.5205479452054794,0.2702702702702703
hairsje02,Jerry,Hairston,24.631178707224336,0.3169276659209545
hairssc01,Scott,Hairston,28.24468085106383,0.2900473933649289
haleda02,David,Hale,0,0
hallaro01,Roy,Halladay,0.29045643153526973,0.14522821576763487
hallbi03,Bill,Hall,14.783050847457627,0.3042016806722689
halmagr01,Greg,Halman,1.361344537815126,0.23333333333333334
haltose01,Sean,Halton,2.188679245283019,0.2909090909090909
hambuma01,Mark,Hamburger,NULL,NULL
hamelco01,Cole,Hamels,1.6059479553903346,0.2066420664206642
hamilbi02,Billy,Hamilton,0.8571428571428571,0.42857142857142855
hamiljo03,Josh,Hamilton,97.98479087452472,0.36231884057971014
hamilma01,Mark,Hamilton,0.7727272727272727,0.25757575757575757
hammeja01,Jason,Hammel,0.4017857142857143,0.13392857142857142
hammoro01,Robby,Hammock,0,0
hampsju01,Justin,Hampson,0,0
hamptmi01,Mike,Hampton,NULL,NULL
hamreer01,Erik,Hamren,NULL,NULL
handbr01,Brad,Hand,0,0.09090909090909091
handdo01,Donovan,Hand,0,0.16666666666666666
hanigry01,Ryan,Hanigan,19.848896434634973,0.37364470391993326
hannaja01,Jack,Hannahan,16.90132370637786,0.3222354340071344
hanrajo01,Joel,Hanrahan,NULL,NULL
hansoto01,Tommy,Hanson,0,0.08387096774193549
happja01,"J. A.",Happ,0.3148148148148148,0.1574074074074074
haranaa01,Aaron,Harang,0.3,0.1
harderi01,Rich,Harden,0,0
hardyjj01,"J. J.",Hardy,58.298199385155904,0.30501089324618735
harenda01,Dan,Haren,2.7927927927927927,0.2857142857142857
harpebr03,Bryce,Harper,36.7569573283859,0.3553113553113553
harrelu01,Lucas,Harrell,0,0.18840579710144928
harribr01,Brendan,Harris,2.8173913043478263,0.2425531914893617
harrijo05,Josh,Harrison,10.552102376599635,0.2816399286987522
harrima01,Matt,Harrison,0,0
harriwi01,Willie,Harris,10.806174957118353,0.3136593591905565
harriwi02,Will,Harris,NULL,NULL
hartco01,Corey,Hart,65.57613636363637,0.3458100558659218
harvema01,Matt,Harvey,0.6233766233766234,0.15584415584415584
hatchch02,Chris,Hatcher,0,0.3
hawkila01,LaTroy,Hawkins,NULL,NULL
hawksbl01,Blake,Hawksworth,0,0
hawpebr01,Brad,Hawpe,15.152027027027026,0.33
hayesbr01,Brett,Hayes,9.10655737704918,0.27595628415300544
headje01,Jerad,Head,0.125,0.16
headlch01,Chase,Headley,67.80050083472455,0.360082304526749
heathde01,Deunte,Heath,NULL,NULL
hechaad01,Adeiny,Hechavarria,9.446022727272727,0.27015558698727016
hefneje01,Jeremy,Hefner,0.05660377358490566,0.07407407407407407
heilmaa01,Aaron,Heilman,0,0
heisech01,Chris,Heisey,28.619516562220234,0.31010452961672474
hellije01,Jeremy,Hellickson,0,0.16666666666666666
hellwjo01,Johnny,Hellweg,0,0
helmswe01,Wes,Helms,7.196029776674938,0.2961165048543689
heltoto01,Todd,Helton,46.6786355475763,0.3566804002354326
hembrhe01,Heath,Hembree,NULL,NULL
hendeji01,Jim,Henderson,NULL,NULL
hendrli01,Liam,Hendriks,0,0
hendrma01,Mark,Hendrickson,NULL,NULL
hennse01,Sean,Henn,NULL,NULL
henslcl01,Clay,Hensley,0,0.05555555555555555
hermije01,Jeremy,Hermida,6.948640483383686,0.27927927927927926
hernaan01,Anderson,Hernandez,1.4285714285714286,0.2857142857142857
hernace02,Cesar,Hernandez,1.6923076923076923,0.3435114503816794
hernada01,David,Hernandez,0,0.25
hernadi01,Diory,Hernandez,0.5714285714285714,0.19047619047619047
hernafe02,Felix,Hernandez,0.16666666666666666,0.16666666666666666
hernago01,Gorkys,Hernandez,2.035502958579882,0.26744186046511625
hernali01,Livan,Hernandez,0.5575221238938053,0.18584070796460178
hernalu01,Luis,Hernandez,0.8125,0.2857142857142857
hernape02,Pedro,Hernandez,NULL,NULL
hernara02,Ramon,Hernandez,23.201092896174863,0.3329764453961456
herndda01,David,Herndon,0,0
herreda01,Danny,Herrera,0,0
herreel01,Elian,Herrera,3.963302752293578,0.33636363636363636
herrejo03,Jonathan,Herrera,13.639684106614018,0.3330068560235064
herreke01,Kelvin,Herrera,NULL,NULL
herrmch01,Chris,Herrmann,2.948453608247423,0.26804123711340205
herrmfr01,Frank,Herrmann,0,0
hessmmi01,Mike,Hessman,1,0.2727272727272727
hestejo01,John,Hester,3.81592039800995,0.297029702970297
heywaja01,Jason,Heyward,64.72209248014946,0.3538886332259549
hicksaa01,Aaron,Hicks,5.6262295081967215,0.2588996763754045
hicksbr01,Brandon,Hicks,1.6326530612244898,0.20408163265306123
hillaa01,Aaron,Hill,61.95076637250348,0.323435358611238
hillko01,Koyie,Hill,6.1,0.25311203319502074
hillri01,Rich,Hill,NULL,NULL
hillsh01,Shawn,Hill,NULL,NULL
hillst01,Steven,Hill,0.46153846153846156,0.23076923076923078
hinshal01,Alex,Hinshaw,0,0
hinsker01,Eric,Hinske,21.171319796954315,0.3174404015056462
hochelu01,Luke,Hochevar,0,0.125
hoeslj01,"L. J.",Hoes,3.278688524590164,0.32972972972972975
hoeyja02,Jim,Hoey,NULL,NULL
hoffmja01,Jamie,Hoffmann,0,0
hoffmtr01,Trevor,Hoffman,0,0
hoffpja01,Jarrett,Hoffpauir,0.25,0.25
hoffpmi01,Micah,Hoffpauir,0.7368421052631579,0.24561403508771928
holadbr01,Bryan,Holaday,0.9512195121951219,0.3333333333333333
hollade01,Derek,Holland,0,0.2222222222222222
hollagr01,Greg,Holland,NULL,NULL
hollima01,Matt,Holliday,96.67996742671009,0.39153016380343586
holmbda01,David,Holmberg,0,0
holmst01,Steve,Holm,0.16666666666666666,0.16666666666666666
holtbr01,Brock,Holt,1.5555555555555556,0.302158273381295
hoovejj01,"J. J.",Hoover,NULL,NULL
hoovepa01,Paul,Hoover,0.7407407407407407,0.37037037037037035
horstje01,Jeremy,Horst,0,1
hosmeer01,Eric,Hosmer,47.66521502449646,0.33692722371967654
hottoto01,Tommy,Hottovy,NULL,NULL
houseja01,James,Houser,NULL,NULL
howarry01,Ryan,Howard,62.427122263748,0.34903192046049186
howeljp01,"J. P.",Howell,0,0
howrybo01,Bob,Howry,NULL,NULL
huch01,Chin-lung,Hu,0.11363636363636363,0.1276595744680851
hudsoda01,Daniel,Hudson,1.5818181818181818,0.26785714285714285
hudsoky01,Kyle,Hudson,0,0.14285714285714285
hudsoor01,Orlando,Hudson,23.684621389539423,0.321483771251932
hudsoti01,Tim,Hudson,2.253012048192771,0.20634920634920634
huffau01,Aubrey,Huff,39.009049773755656,0.3522895125553914
huffda01,David,Huff,0,0
huffmch01,Chad,Huffman,0,0.2857142857142857
hughedu01,Dusty,Hughes,NULL,NULL
hugheja02,Jared,Hughes,0,0
hughelu01,Luke,Hughes,5.454545454545454,0.2774566473988439
hugheph01,Phil,Hughes,0,0
hugherh01,Rhyne,Hughes,0.5490196078431373,0.27450980392156865
humbeph01,Philip,Humber,0,0.1
hundlni01,Nick,Hundley,30.078112286411717,0.3014354066985646
huntece01,Cedric,Hunter,0,0.4
hunteto01,Torii,Hunter,71.86822016874247,0.34936908517350157
hunteto02,Tommy,Hunter,0,0
hutchdr01,Drew,Hutchison,0,0
hynesco01,Colt,Hynes,NULL,NULL
iannech01,Chris,Iannetta,31.587548638132297,0.3547400611620795
ibanera01,Raul,Ibanez,64.9015009380863,0.32109665427509293
igarary01,Ryota,Igarashi,NULL,NULL
iglesjo01,Jose,Iglesias,7.313769751693003,0.32461873638344224
infangr01,Greg,Infante,NULL,NULL
infanom01,Omar,Infante,49.82162661737523,0.3282967032967033
ingebr01,Brandon,Inge,26.18,0.2897125567322239
inglejo01,Joe,Inglett,4.646739130434782,0.3155080213903743
irwinph01,Phil,Irwin,0,0
ishiktr01,Travis,Ishikawa,9.875346260387811,0.3242506811989101
isrinja01,Jason,Isringhausen,NULL,NULL
iwakuhi01,Hisashi,Iwakuma,0,0
iwamuak01,Akinori,Iwamura,2.8634361233480177,0.2850877192982456
izturce01,Cesar,Izturis,9.066666666666666,0.270906949352179
izturma01,Maicer,Izturis,27.248595505617978,0.31742738589211617
jacksau01,Austin,Jackson,66.9759178839321,0.34544744040640873
jacksbr01,Brett,Jackson,3.3309859154929575,0.3028169014084507
jacksco01,Conor,Jackson,12.201277955271566,0.32334384858044163
jacksed01,Edwin,Jackson,0.6324324324324324,0.20967741935483872
jacksry02,Ryan,Jackson,0,0.12
jacksst01,Steven,Jackson,NULL,NULL
jacobmi02,Mike,Jacobs,1,0.3333333333333333
jakubch01,Chris,Jakubauskas,0,0.6666666666666666
jamesch03,Chuck,James,NULL,NULL
jamesju01,Justin,James,NULL,NULL
janispa01,Paul,Janish,10.87360594795539,0.28345498783454987
janseke01,Kenley,Jansen,0,0.6666666666666666
janssca01,Casey,Janssen,0,0
jaramja01,Jason,Jaramillo,1.6170212765957446,0.2727272727272727
jasojo01,John,Jaso,33.86492890995261,0.3665369649805447
jayjo02,Jon,Jay,44.26780021253985,0.35973084886128365
jeffrje01,Jeremy,Jeffress,NULL,NULL
jenkich01,Chad,Jenkins,0,0
jenksbo01,Bobby,Jenks,NULL,NULL
jennida01,Dan,Jennings,0,0
jennide01,Desmond,Jennings,37.40484429065744,0.33083219645293316
jepseke01,Kevin,Jepsen,NULL,NULL
jeterde01,Derek,Jeter,43.740932642487046,0.3519034354688951
jimence01,Cesar,Jimenez,NULL,NULL
jimenlu01,Luis,Jimenez,0,0.1111111111111111
jimenlu02,Luis,Jimenez,1.6415094339622642,0.2909090909090909
jimenub01,Ubaldo,Jimenez,0,0.136
joaquwa01,Waldis,Joaquin,NULL,NULL
johnsal02,Alan,Johnson,0,0
johnsch05,Chris,Johnson,53.07017543859649,0.33459255261737725
johnsda06,Dan,Johnson,5.23574144486692,0.30970149253731344
johnsel02,Elliot,Johnson,11.844647519582246,0.276843467011643
johnser04,Erik,Johnson,NULL,NULL
johnsji04,Jim,Johnson,NULL,NULL
johnsjo09,Josh,Johnson,0,0.13768115942028986
johnske05,Kelly,Johnson,61.48598130841121,0.32819383259911894
johnskr01,Kris,Johnson,0,0
johnsni01,Nick,Johnson,4.690721649484536,0.355
johnsre02,Reed,Johnson,22.153846153846153,0.3270509977827051
johnsro07,Rob,Johnson,7.248484848484848,0.28316831683168314
johnsst02,Steve,Johnson,NULL,NULL
jonesad01,Adam,Jones,77.68991040124659,0.3259794598706733
jonesan01,Andruw,Jones,23.930348258706466,0.3304878048780488
jonesch06,Chipper,Jones,45.422222222222224,0.3756419662509171
jonesga02,Garrett,Jones,63.651162790697676,0.3102294455066922
joneshu01,Hunter,Jones,NULL,NULL
jonesna01,Nate,Jones,NULL,NULL
jordata01,Taylor,Jordan,0,0.14285714285714285
josepco01,Corban,Joseph,0.2857142857142857,0.2857142857142857
josepdo01,Donnie,Joseph,NULL,NULL
joycema01,Matthew,Joyce,55.016978922716625,0.34770114942528735
judyjo01,Josh,Judy,NULL,NULL
jurrjja01,Jair,Jurrjens,0.14563106796116504,0.15384615384615385
kaaihki01,Kila,Ka'aihue,10.32420091324201,0.30385487528344673
kalisry01,Ryan,Kalish,5.555956678700361,0.29285714285714287
kaplega01,Gabe,Kapler,1.6444444444444444,0.28776978417266186
karnsna01,Nate,Karns,0,0
karstje01,Jeff,Karstens,0.12389380530973451,0.12389380530973451
kawakke01,Kenshin,Kawakami,0.2222222222222222,0.2222222222222222
kawasmu01,Munenori,Kawasaki,3.8932291666666665,0.30612244897959184
kazmisc01,Scott,Kazmir,0,0.1
kearnau01,Austin,Kearns,16.463414634146343,0.34441805225653205
kellesh01,Shawn,Kelley,NULL,NULL
kellyca01,Casey,Kelly,0,0.2
kellydo01,Don,Kelly,13.72972972972973,0.2893569844789357
kellyjo05,Joe,Kelly,0.45454545454545453,0.16176470588235295
kempma01,Matt,Kemp,74.11725452812202,0.365807962529274
kendaja01,Jason,Kendall,5.708245243128964,0.32098765432098764
kendrho01,Howie,Kendrick,61.73969631236442,0.33034571062740076
kendrky01,Kyle,Kendrick,1.0285714285714285,0.17613636363636365
kennead01,Adam,Kennedy,19.355168884339815,0.3135678391959799
kenneia01,Ian,Kennedy,1.853658536585366,0.23293172690763053
kensilo01,Logan,Kensing,NULL,NULL
keppije01,Jeff,Keppinger,36.09944751381215,0.3276990185387132
kershcl01,Clayton,Kershaw,1.0294117647058822,0.2109090909090909
keuchda01,Dallas,Keuchel,0,0.125
kickhmi01,Mike,Kickham,0.16666666666666666,0.16666666666666666
kiermke01,Kevin,Kiermaier,NULL,NULL
kiescro01,Roger,Kieschnick,0.30927835051546393,0.30927835051546393
kilbybr01,Brad,Kilby,NULL,NULL
kimbaco01,Cole,Kimball,0,0.5
kimbrcr01,Craig,Kimbrel,NULL,NULL
kinnejo01,Josh,Kinney,NULL,NULL
kinslia01,Ian,Kinsler,72.84014569000405,0.34972244250594764
kintzbr01,Brandon,Kintzler,0,0
kipnija01,Jason,Kipnis,39.93931034482759,0.35071090047393366
kirkmmi01,Michael,Kirkman,NULL,NULL
klubeco01,Corey,Kluber,0,0.3333333333333333
koberje01,Jeff,Kobernus,0.2857142857142857,0.3055555555555556
koehlto01,Tom,Koehler,0,0.075
kohnmi01,Michael,Kohn,NULL,NULL
komater01,Erik,Komatsu,0,0.29310344827586204
konerpa01,Paul,Konerko,75.56895824546605,0.37675765095119934
kontoge01,George,Kontos,0,0
korecbo01,Bobby,Korecky,NULL,NULL
kotchca01,Casey,Kotchman,27.906517445687953,0.31806451612903225
kotsama01,Mark,Kotsay,17.668789808917197,0.3093980992608237
kottage01,George,Kottaras,19.58262108262108,0.3314527503526093
kouzmke01,Kevin,Kouzmanoff,18.70145631067961,0.2860520094562648
kozmape01,Pete,Kozma,9.837251356238697,0.3046594982078853
kratzer01,Erik,Kratz,10.120481927710843,0.2907801418439716
krausma01,Marc,Krauss,3.4305555555555554,0.2671232876712329
kroenza01,Zach,Kroenke,0,0
krolia01,Ian,Krol,NULL,NULL
kubelja01,Jason,Kubel,52.696690179055885,0.328862660944206
kuoho01,Hung-Chih,Kuo,0,0.5
kurodhi01,Hiroki,Kuroda,0,0.11538461538461539
lackejo01,John,Lackey,0.46153846153846156,0.23076923076923078
laffeaa01,Aaron,Laffey,0,0
lafrobo01,Bobby,LaFromboise,NULL,NULL
lagarju01,Juan,Lagares,8.58173076923077,0.28809523809523807
lahaibr01,Bryan,LaHair,14.213333333333333,0.34513274336283184
lairdbr01,Brandon,Laird,2.4444444444444446,0.25547445255474455
lairdge01,Gerald,Laird,13.725626740947074,0.31053351573187415
lakeju01,Junior,Lake,7.068273092369478,0.33201581027667987
lallibl01,Blake,Lalli,0,0.15
lambmi01,Mike,Lamb,0.45,0.225
lamboan01,Andrew,Lambo,0.9090909090909091,0.30303030303030304
langery01,Ryan,Langerhans,3.0574162679425836,0.3397129186602871
langwma01,Matt,Langwell,0,0
lannajo01,John,Lannan,0.6808510638297872,0.1702127659574468
laporma01,Matt,LaPorta,19.692307692307693,0.30160550458715596
larisje01,Jeff,Larish,1.2837837837837838,0.26666666666666666
larocad01,Adam,LaRoche,61.17571569595262,0.3351219512195122
larocan01,Andy,LaRoche,5.209677419354839,0.28116710875331563
larueja01,Jason,LaRue,0.7868852459016393,0.27419354838709675
latosma01,Mat,Latos,1.2908366533864541,0.14960629921259844
lavarry01,Ryan,Lavarnway,5.615384615384615,0.25773195876288657
lawribr01,Brett,Lawrie,29.898756660746002,0.32897033158813266
layneto01,Tommy,Layne,NULL,NULL
leagubr01,Brandon,League,0,1
leakemi01,Mike,Leake,3.0762711864406778,0.28270042194092826
leblawa01,Wade,LeBlanc,0.2826086956521739,0.2903225806451613
lecursa01,Sam,LeCure,0.2727272727272727,0.17391304347826086
ledezwi01,Wil,Ledezma,NULL,NULL
leeca01,Carlos,Lee,49.2511798636602,0.32590673575129536
leech01,"C. C.",Lee,NULL,NULL
leecl02,Cliff,Lee,1.5533980582524272,0.1932367149758454
leede02,Derrek,Lee,30.947754353803848,0.33905967450271246
leesmch01,Charles,Leesman,NULL,NULL
lemahdj01,DJ,LeMahieu,14.76775956284153,0.31978319783197834
leonsa01,Sandy,Leon,0.6857142857142857,0.3783783783783784
lerewan01,Anthony,Lerew,0,0
lerouch01,Chris,Leroux,0,0
lerudst01,Steven,Lerud,0,0.13333333333333333
lestejo01,Jon,Lester,0,0.047619047619047616
lewisco01,Colby,Lewis,0.2631578947368421,0.2631578947368421
lewisfr02,Fred,Lewis,17.38197424892704,0.3319386331938633
lewisje01,Jensen,Lewis,NULL,NULL
lewisro01,Rommie,Lewis,0,0
liddial01,Alex,Liddi,3.9516129032258065,0.26595744680851063
lidgebr01,Brad,Lidge,NULL,NULL
lillibr01,Brent,Lillibridge,9.869257950530036,0.27147766323024053
lillyte01,Ted,Lilly,0.17647058823529413,0.0948905109489051
limch01,Chang-Yong,Lim,NULL,NULL
linceti01,Tim,Lincecum,0.1510204081632653,0.1510204081632653
linch01,Che-Hsuan,Lin,0,0.25
lincobr01,Brad,Lincoln,0.2564102564102564,0.2564102564102564
lincomi01,Mike,Lincoln,0,0
lindad01,Adam,Lind,56.07486365889935,0.31635651322233105
lindbjo01,Josh,Lindblom,0,0
lindsjo01,John,Lindsey,0,0.15384615384615385
lindsma01,Matt,Lindstrom,NULL,NULL
lindssh01,Shane,Lindsay,NULL,NULL
linebsc01,Scott,Linebrink,NULL,NULL
linkjo01,Jon,Link,NULL,NULL
liriafr01,Francisco,Liriano,0,0.15254237288135594
litscje01,Jesse,Litsch,0,0
lobatjo01,Jose,Lobaton,11.644320297951582,0.3161764705882353
loch02,Chia-Jen,Lo,NULL,NULL
lockeje01,Jeff,Locke,0,0.12307692307692308
loeka01,Kameron,Loe,0,0
loewead01,Adam,Loewen,0.5142857142857142,0.2972972972972973
loganbo02,Boone,Logan,NULL,NULL
lohseky01,Kyle,Lohse,0.7918552036199095,0.15765765765765766
lombast02,Steve,Lombardozzi,12.048979591836735,0.29892761394101874
loneyja01,James,Loney,56.82890727035264,0.3375053949072076
longoev01,Evan,Longoria,86.66368114643977,0.36807387862796836
lopezfe01,Felipe,Lopez,9.79863481228669,0.2966101694915254
lopezja02,Javier,Lopez,0,0
lopezjo01,Jose,Lopez,20.35149863760218,0.265947888589398
lopezro01,Rodrigo,Lopez,0,0.10204081632653061
lopezwi01,Wilton,Lopez,0,0
loughda01,David,Lough,8.81958762886598,0.30808080808080807
loupaa01,Aaron,Loup,0,0
louxsh01,Shane,Loux,0,0
lowede01,Derek,Lowe,2.135593220338983,0.23728813559322035
lowelmi01,Mike,Lowell,5.652892561983471,0.31020408163265306
lowema01,Mark,Lowe,NULL,NULL
lowrije01,Jed,Lowrie,48.395793499043975,0.33879093198992444
lucased01,Ed,Lucas,5.880952380952381,0.3123359580052493
lucrojo01,Jonathan,Lucroy,41.01022248947685,0.33254437869822484
lucydo01,Donny,Lucy,1.7857142857142858,0.3793103448275862
ludwiry01,Ryan,Ludwick,46.380106571936054,0.3261627906976744
luebkco01,Cory,Luebke,0,0.17647058823529413
luekejo01,Josh,Lueke,NULL,NULL
luetglu01,Lucas,Luetge,NULL,NULL
lugoju01,Julio,Lugo,1.6776315789473684,0.28431372549019607
lunahe01,Hector,Luna,1.6210526315789473,0.22916666666666666
lutzdo01,Donald,Lutz,0.5084745762711864,0.2542372881355932
lutzza01,Zach,Lutz,0.7027027027027027,0.35135135135135137
lylesjo01,Jordan,Lyles,0.3333333333333333,0.16666666666666666
lynnla01,Lance,Lynn,0,0.1206896551724138
lyonbr01,Brandon,Lyon,1,1
lyonsty01,Tyler,Lyons,0,0.16666666666666666
macdomi01,Mike,MacDougal,NULL,NULL
machama01,Manny,Machado,26.587053571428573,0.3093126385809313
machije01,Jean,Machi,0,0
maclaev01,Evan,MacLane,NULL,NULL
madsory01,Ryan,Madson,0,0
magilma01,Matt,Magill,0,0
magnutr01,Trystan,Magnuson,NULL,NULL
mahayro01,Ron,Mahay,NULL,NULL
maholpa01,Paul,Maholm,0.38666666666666666,0.1288888888888889
mahonjo01,Joe,Mahoney,0.48484848484848486,0.24242424242424243
maiermi01,Mitch,Maier,12.230383973288815,0.32892561983471075
mainejo01,John,Maine,0,0
mainesc01,Scott,Maine,0,0
majewga01,Gary,Majewski,NULL,NULL
maldoca03,Carlos,Maldonado,0.2608695652173913,0.2608695652173913
maldoma01,Martin,Maldonado,8.026785714285714,0.2847682119205298
malonma02,Matt,Maloney,0,0.14285714285714285
manesse01,Seth,Maness,0,0.2
mangima01,Matt,Mangini,0,0.25
manshje01,Jeff,Manship,0,0
manuero01,Robert,Manuel,NULL,NULL
manzeto01,Tommy,Manzella,2.1176470588235294,0.2697841726618705
marcush01,Shaun,Marcum,1.1450381679389312,0.20300751879699247
marinjh01,Jhan,Marinez,NULL,NULL
marisja01,Jake,Marisnick,0.9043478260869565,0.23076923076923078
markani01,Nick,Markakis,65.97400077609623,0.3572793274742071
marmoca01,Carlos,Marmol,0,0
maronni01,Nick,Maronde,NULL,NULL
marquja01,Jason,Marquis,1.056338028169014,0.18181818181818182
marquje01,Jeff,Marquez,NULL,NULL
marrech01,Chris,Marrero,1.2790697674418605,0.2556390977443609
marshbr01,Brett,Marshall,NULL,NULL
marshse01,Sean,Marshall,0,0
marsolo01,Lou,Marson,12.085967130214918,0.305
marteal01,Alfredo,Marte,0.7659574468085106,0.2708333333333333
martean01,Andy,Marte,4.192513368983957,0.2978723404255319
marteda01,Damaso,Marte,NULL,NULL
martelu01,Luis,Marte,0,0
martest01,Starling,Marte,19.24438202247191,0.33423180592991913
martevi01,Victor,Marte,NULL,NULL
martica04,Carlos,Martinez,0,0
marticr01,Cristhian,Martinez,0.15384615384615385,0.15384615384615385
martida02,David,Martinez,NULL,NULL
martiet01,Ethan,Martin,0,0
martife02,Fernando,Martinez,4.59,0.28095238095238095
martijd01,"J. D.",Martin,0.16666666666666666,0.16666666666666666
martijd02,"J. D.",Martinez,21.38110072689512,0.3008213552361396
martijo07,Joe,Martinez,0,0
martile01,Leonys,Martin,12.828729281767956,0.3063063063063063
martilu02,Luis,Martinez,0.8275862068965517,0.29213483146067415
martimi02,Michael,Martinez,3.5861182519280206,0.23785166240409208
martios01,Osvaldo,Martinez,1.5,0.3
martiru01,Russell,Martin,41.195402298850574,0.32974717590102204
martish01,Shairon,Martis,NULL,NULL
martivi01,Victor,Martinez,57.72651473040578,0.36937431394072445
masseni01,Nick,Masset,NULL,NULL
masteju01,Justin,Masterson,0,0.21428571428571427
mastrda01,Darin,Mastroianni,2.948207171314741,0.2980392156862745
matafr01,Frank,Mata,NULL,NULL
mateoma01,Marcos,Mateo,0,0
mathejo02,Joe,Mather,6.558441558441558,0.26288659793814434
mathido01,Doug,Mathis,NULL,NULL
mathije01,Jeff,Mathis,14.130252100840336,0.24066390041493776
mathisc01,Scott,Mathieson,NULL,NULL
matsuda01,Daisuke,Matsuzaka,0,0.2777777777777778
matsuhi01,Hideki,Matsui,30.051012145748988,0.3352
matsuka01,Kazuo,Matsui,0.18666666666666668,0.19736842105263158
matthga02,Gary,Matthews,0.8307692307692308,0.27692307692307694
matthry01,Ryan,Mattheus,0,0
mattike01,Kevin,Mattison,0,0
matusbr01,Brian,Matusz,0,0.125
mauerjo01,Joe,Mauer,66.60518731988472,0.4108416547788873
maurebr01,Brandon,Maurer,NULL,NULL
maxweju01,Justin,Maxwell,21.40408163265306,0.31459170013386883
mayayu01,Yunesky,Maya,0,0.06666666666666667
maybejo02,John,Mayberry,33.15951972555746,0.31011045029736617
maybica01,Cameron,Maybin,28.845222072678332,0.31117021276595747
maylu01,Lucas,May,0.1891891891891892,0.20512820512820512
maysoed01,Edwin,Maysonet,0.8571428571428571,0.296875
mazzavi01,Vin,Mazzaro,0,0.1875
mcallza01,Zach,McAllister,0,0
mcanupa01,Paul,McAnulty,0.20833333333333334,0.20833333333333334
mcbrima02,Matt,McBride,0.8607594936708861,0.2222222222222222
mccanbr01,Brian,McCann,54.53722334004024,0.3531746031746032
mccarbr01,Brandon,McCarthy,0,0.1
mccleky01,Kyle,McClellan,0.1794871794871795,0.1794871794871795
mcclemi01,Mike,McClendon,0,0.25
mccoymi01,Mike,McCoy,4.4227642276422765,0.27837837837837837
mccutan01,Andrew,McCutchen,95.8733986435569,0.38979289940828404
mccutda01,Daniel,McCutchen,0,0.1
mcdonda02,Darnell,McDonald,18.327433628318584,0.32408759124087594
mcdonja03,James,McDonald,0.38926174496644295,0.19463087248322147
mcdonjo03,John,McDonald,12.880466472303207,0.27521613832853026
mcfartj01,"T. J.",McFarland,NULL,NULL
mcgeeja01,Jake,McGee,NULL,NULL
mcgehca01,Casey,McGehee,39.35656502800249,0.3083997547516861
mcgowdu01,Dustin,McGowan,NULL,NULL
mcguich01,Chris,McGuiness,0.17647058823529413,0.17647058823529413
mchugco01,Collin,McHugh,0,0.1
mckenmi01,Michael,McKenry,14.24705882352941,0.29421487603305785
mclouna01,Nate,McLouth,34.084296397008835,0.3270651443922095
mcpheda01,Dallas,McPherson,0,0.13333333333333333
mcpheky01,Kyle,McPherson,0,0.16666666666666666
mechegi01,Gil,Meche,NULL,NULL
meddebr01,Brandon,Medders,NULL,NULL
medicto01,Tommy,Medica,1.8987341772151898,0.379746835443038
medinyo01,Yoervis,Medina,NULL,NULL
medlekr01,Kris,Medlen,1.1507936507936507,0.234375
meekev01,Evan,Meek,0,1
mejiaje01,Jenrry,Mejia,0,0.058823529411764705
melanma01,Mark,Melancon,0,1
menchke01,Kevin,Mench,0,0.1724137931034483
mendead01,Adalberto,Mendez,0,0.2857142857142857
mendolu01,Luis,Mendoza,0,0.2857142857142857
mercejo03,Jordy,Mercer,12.78688524590164,0.33410138248847926
meredcl01,Cla,Meredith,NULL,NULL
mesame01,Melky,Mesa,0.875,0.4375
mesorde01,Devin,Mesoraco,11.776649746192893,0.29264214046822745
meyerda02,Dan,Meyer,NULL,NULL
michaja01,Jason,Michaels,9.542234332425068,0.289544235924933
mickoka01,Kam,Mickolio,0,0
middlwi01,Will,Middlebrooks,18.87557603686636,0.297583081570997
mijarjo01,Jose,Mijares,0,0
mikolmi01,Miles,Mikolas,0,0
milesaa01,Aaron,Miles,8.811501597444089,0.315541601255887
mileywa01,Wade,Miley,1.048951048951049,0.17482517482517482
millean01,Andrew,Miller,0,0
millebr02,Brad,Miller,7.954545454545454,0.3183183183183183
milleco01,Corky,Miller,3.5172413793103448,0.31092436974789917
milleja04,Jai,Miller,1.408450704225352,0.2916666666666667
milleji02,Jim,Miller,NULL,NULL
milleju01,Justin,Miller,NULL,NULL
millela02,Lastings,Milledge,9.596618357487923,0.33573141486810554
millesh01,Shelby,Miller,0.3684210526315789,0.13793103448275862
milletr02,Trever,Miller,NULL,NULL
millsbr02,Brad,Mills,NULL,NULL
millwke01,Kevin,Millwood,0.26666666666666666,0.13333333333333333
milonto01,Tommy,Milone,0.21052631578947367,0.21052631578947367
minerza01,Zach,Miner,0,0.3333333333333333
minormi01,Mike,Minor,0.7763975155279503,0.15527950310559005
miranju01,Juan,Miranda,7.011152416356877,0.3125
mischpa01,Pat,Misch,0,0.125
mitchdj01,"D. J.",Mitchell,NULL,NULL
mitchru01,Russ,Mitchell,1.1650485436893203,0.23076923076923078
mitrese01,Sergio,Mitre,0,0
mockga01,Garrett,Mock,0,0
moehlbr01,Brian,Moehler,0,0.1
moellch01,Chad,Moeller,0.8,0.26666666666666666
molinbe01,Bengie,Molina,5.4222222222222225,0.3036144578313253
molingu01,Gustavo,Molina,0.15384615384615385,0.15384615384615385
molinjo01,Jose,Molina,17.511702127659575,0.30325288562434416
molinya01,Yadier,Molina,63.45136921624174,0.3584379358437936
monasca01,Carlos,Monasterios,0,0.07142857142857142
moneljo01,Johnny,Monell,0,0.2222222222222222
montalu01,Luis,Montanez,1.0087719298245614,0.20869565217391303
monteje01,Jesus,Montero,14.855570839064649,0.3089430894308943
montemi01,Miguel,Montero,54.01412133891213,0.3592630501535312
montzlu01,Luke,Montz,0.8275862068965517,0.2
mooread01,Adam,Moore,3.2839506172839505,0.2388663967611336
mooreje02,Jeremy,Moore,0,0.125
moorema02,Matt,Moore,0,0
mooresc02,Scott,Moore,7.722929936305732,0.32
moorety01,Tyler,Moore,9.341040462427745,0.29512893982808025
moralfr01,Franklin,Morales,0,0.25
moraljo02,Jose,Morales,1.826086956521739,0.35294117647058826
moralke01,Kendrys,Morales,40.372194062273714,0.3364285714285714
morame01,Melvin,Mora,9.707724425887266,0.3306122448979592
morelbr01,Brent,Morel,10.12691131498471,0.27617602427921095
morelmi01,Mitch,Moreland,43.244343891402714,0.32549268912905277
morgany01,Nyjer,Morgan,20.338375796178344,0.32739938080495357
morneju01,Justin,Morneau,56.88328767123288,0.3487372380440623
morribr01,Bryan,Morris,0,0.2
morrilo01,Logan,Morrison,44.23144996596324,0.34184016118200133
morrobr01,Brandon,Morrow,0,0
morsemi01,Mike,Morse,51.291044776119406,0.3325213154689403
mortecl01,Clayton,Mortensen,0,0.058823529411764705
mortoch02,Charlie,Morton,0.2619047619047619,0.0859375
moscogu01,Guillermo,Moscoso,0.13333333333333333,0.13333333333333333
moseldu01,Dustin,Moseley,0,0.16129032258064516
moskoda01,Daniel,Moskos,NULL,NULL
mossbr01,Brandon,Moss,32.232727272727274,0.34088200238379024
motagu01,Guillermo,Mota,0.09090909090909091,0.09090909090909091
motteja01,Jason,Motte,0,0
moustmi01,Mike,Moustakas,34.43983684568321,0.2983277591973244
moyerja01,Jamie,Moyer,0,0.18604651162790697
moylape01,Peter,Moylan,NULL,NULL
mujiced01,Edward,Mujica,0,0
mulveke01,Kevin,Mulvey,NULL,NULL
murphda07,David,Murphy,52.79304897314376,0.34273772204806685
murphda08,Daniel,Murphy,47.18187100522952,0.33716915995397007
murphdo01,Donnie,Murphy,13.208430913348947,0.29772727272727273
murphjr01,"J. R.",Murphy,0.18518518518518517,0.18518518518518517
myersbr01,Brett,Myers,0.4122137404580153,0.20454545454545456
myerswi01,Wil,Myers,13.18716577540107,0.3641160949868074
nadyxa01,Xavier,Nady,12.722841225626741,0.29132791327913277
napolmi01,Mike,Napoli,72.08782017773132,0.3606977937403797
narvech01,Chris,Narveson,0.8207547169811321,0.2803738317757009
nathajo01,Joe,Nathan,NULL,NULL
navada01,Daniel,Nava,29.825476429287864,0.37151106833493747
navardi01,Dioner,Navarro,13.946428571428571,0.3191176470588235
navaref01,Efren,Navarro,0.35294117647058826,0.35294117647058826
navaros01,Oswaldo,Navarro,0,0.24
navarya01,Yamaico,Navarro,1.6,0.2613065326633166
nealth01,Thomas,Neal,0.20512820512820512,0.24390243902439024
negrokr01,Kristopher,Negron,0,0.4
nelsoch01,Chris,Nelson,18.943488943488944,0.31630170316301703
nelsoji02,Jimmy,Nelson,0,0
nelsojo01,Joe,Nelson,NULL,NULL
neshepa01,Pat,Neshek,NULL,NULL
nicasju01,Juan,Nicasio,0.3902439024390244,0.1951219512195122
nickemi01,Mike,Nickeas,1.4021739130434783,0.24064171122994651
niemaje01,Jeff,Niemann,0,0.125
niesejo01,Jonathon,Niese,1.261467889908257,0.25229357798165136
nieuwki01,Kirk,Nieuwenhuis,8.26265060240964,0.30714285714285716
nievefe01,Fernando,Nieve,0,0
nievewi01,Wil,Nieves,8.754863813229573,0.2903846153846154
nifu01,Fu-Te,Ni,NULL,NULL
nippedu01,Dustin,Nippert,0,0
nishits01,Tsuyoshi,Nishioka,1.34,0.2698412698412698
nixja01,Jayson,Nix,19.404060913705585,0.29096325719960275
nixla01,Laynce,Nix,20.98870765370138,0.30798004987531175
noesihe01,Hector,Noesi,0,0.5
nolasri01,Ricky,Nolasco,1.9196428571428572,0.19555555555555557
nolinse01,Sean,Nolin,NULL,NULL
noonani01,Nick,Noonan,0.5614035087719298,0.2807017543859649
norbejo01,Jordan,Norberto,NULL,NULL
norribu01,Bud,Norris,0.8227848101265823,0.1625
norride01,Derek,Norris,12.846153846153847,0.3179297597042514
novaiv01,Ivan,Nova,0,0.07142857142857142
nunezed02,Eduardo,Nunez,18.03349875930521,0.31585365853658537
nunezle01,"Juan Carlos",Oviedo,0,0
nunovi01,Vidal,Nuno,NULL,NULL
oberhbr01,Brett,Oberholtzer,NULL,NULL
oconnmi01,Mike,O'Connor,NULL,NULL
odayda01,Darren,O'Day,0,0
odorija01,Jake,Odorizzi,NULL,NULL
oeltjtr01,Trent,Oeltjen,1.9821428571428572,0.33620689655172414
oflaher01,Eric,O'Flaherty,NULL,NULL
ogandal01,Alexi,Ogando,0,0.5
ohlenro01,Ross,Ohlendorf,0.12162162162162163,0.12162162162162163
ohmanwi01,Will,Ohman,NULL,NULL
ojedaau01,Augie,Ojeda,0.7931034482758621,0.25842696629213485
okajihi01,Hideki,Okajima,NULL,NULL
olivean01,Andy,Oliver,0,0
oliveda02,Darren,Oliver,NULL,NULL
olivele01,Lester,Oliveros,NULL,NULL
olivomi01,Miguel,Olivo,29.647058823529413,0.27313432835820894
olmedra01,Ray,Olmedo,0.4878048780487805,0.24390243902439024
olmosed01,Edgar,Olmos,NULL,NULL
olsensc01,Scott,Olsen,0,0.08333333333333333
olsonga01,Garrett,Olson,NULL,NULL
oltmi01,Mike,Olt,0.2631578947368421,0.25
omogrbr01,Brian,Omogrosso,NULL,NULL
ondrulo01,Logan,Ondrusek,0,0
ordonma01,Magglio,Ordonez,15.41958041958042,0.3407202216066482
orrpe01,Pete,Orr,2.6353591160220993,0.3005464480874317
ortegjo01,Jose,Ortega,NULL,NULL
ortegra01,Rafael,Ortega,0,0.6666666666666666
ortizda01,David,Ortiz,106.16763263486402,0.4101769911504425
ortizjo05,Joe,Ortiz,NULL,NULL
ortizra01,Ramon,Ortiz,0,0
ortizru01,Russ,Ortiz,NULL,NULL
osullse01,Sean,O'Sullivan,0.14285714285714285,0.14285714285714285
oswalro01,Roy,Oswalt,0,0.17757009345794392
oteroda01,Dan,Otero,0,0
ottavad01,Adam,Ottavino,0,0.12
outmajo01,Josh,Outman,0,0.08695652173913043
overbly01,Lyle,Overbay,44.902291917973464,0.3187799043062201
owingch01,Chris,Owings,1.8548387096774193,0.3709677419354839
owingmi01,Micah,Owings,0.2,0.2
ozunama01,Marcell,Ozuna,7.166666666666667,0.30344827586206896
pachejo01,Jordan,Pacheco,18.68683274021352,0.32046783625730996
padilvi01,Vicente,Padilla,0.20689655172413793,0.23333333333333334
paganan01,Angel,Pagan,57.452009456264776,0.338338808071328
pagnoma01,Matt,Pagnozzi,0.9354838709677419,0.3263157894736842
palmema01,Matt,Palmer,NULL,NULL
papeljo01,Jonathan,Papelbon,NULL,NULL
paredji01,Jimmy,Paredes,5.239690721649485,0.27411167512690354
parkch01,"Chan Ho",Park,0,0
parkebl01,Blake,Parker,NULL,NULL
parkeja02,Jarrod,Parker,0.125,0.125
parmech01,Chris,Parmelee,15.227053140096618,0.3227848101265823
parnebo01,Bobby,Parnell,0,0
parrage01,Gerardo,Parra,51.30177215189873,0.34218436873747493
parrama01,Manny,Parra,0.5,0.2682926829268293
parrian01,Andy,Parrino,2.8173913043478263,0.3191489361702128
parrijo01,John,Parrish,NULL,NULL
partccu01,Curtis,Partch,0,0
pascuva01,Val,Pascucci,0.2727272727272727,0.2727272727272727
pastoty01,Tyler,Pastornicky,2.938388625592417,0.29577464788732394
paterjo01,Joe,Paterson,NULL,NULL
patteco01,Corey,Patterson,15.91340782122905,0.29542302357836336
patteer01,Eric,Patterson,6.516556291390729,0.2721311475409836
pattotr01,Troy,Patton,0,0
pauleda01,David,Pauley,NULL,NULL
paulife01,Felipe,Paulino,0.3076923076923077,0.3333333333333333
pauliro01,Ronny,Paulino,12.641221374045802,0.31419939577039274
paulxa01,Xavier,Paul,15.631067961165048,0.3209366391184573
pavanca01,Carl,Pavano,0,0.21428571428571427
paxtoja01,James,Paxton,0,0.5
paytoja01,Jay,Payton,1.8055555555555556,0.3611111111111111
peacobr01,Brad,Peacock,0,0
pearcst01,Steve,Pearce,9.801324503311259,0.3326226012793177
peavyja01,Jake,Peavy,0.10344827586206896,0.10344827586206896
pedrodu01,Dustin,Pedroia,77.68570237598999,0.37284659557013944
pegueca01,Carlos,Peguero,4.13302752293578,0.25225225225225223
peguefr01,Francisco,Peguero,0.43478260869565216,0.21739130434782608
pelfrmi01,Mike,Pelfrey,0.46153846153846156,0.15384615384615385
penabr01,Brayan,Pena,15.530232558139534,0.2923777019340159
penaca01,Carlos,Pena,54.77129186602871,0.3405253283302064
penara02,Ramiro,Pena,3.202572347266881,0.26813880126182965
penato03,Tony,Pena,NULL,NULL
penawi01,"Wily Mo",Pena,2.3728813559322033,0.25
pencehu01,Hunter,Pence,82.66169339798583,0.34059040590405903
pendlla01,Lance,Pendleton,NULL,NULL
pennha01,Hayden,Penn,NULL,NULL
pennicl01,Cliff,Pennington,36.12038523274478,0.30965005302226933
pennybr01,Brad,Penny,0.125,0.125
peraljh01,Jhonny,Peralta,61.41462306993642,0.3303451367099955
peraljo01,Joel,Peralta,0,0
peralwi01,Wily,Peralta,0.14516129032258066,0.14516129032258066
perdolu01,Luis,Perdomo,NULL,NULL
perezau01,Audry,Perez,0,0
perezch01,Chris,Perez,NULL,NULL
perezeu01,Eury,Perez,0,0.15384615384615385
perezhe01,Hernan,Perez,0.22857142857142856,0.22535211267605634
perezju01,Juan,Perez,0,0
perezju02,Juan,Perez,1.831578947368421,0.3020833333333333
perezlu01,Luis,Perez,NULL,NULL
perezma02,Martin,Perez,0,0
perezol01,Oliver,Perez,0,0.2
perezra01,Rafael,Perez,NULL,NULL
perezsa02,Salvador,Perez,27,0.33400402414486924
perkigl01,Glen,Perkins,NULL,NULL
perryry01,Ryan,Perry,NULL,NULL
pestavi01,Vinnie,Pestano,NULL,NULL
peterbr01,Bryan,Petersen,9.005736137667304,0.3058161350844278
peterbr02,Brock,Peterson,0,0.14285714285714285
petersh01,Shane,Peterson,0,0.25
petityu01,Yusmeiro,Petit,0,0.1111111111111111
petrija01,Jake,Petricka,NULL,NULL
pettian01,Andy,Pettitte,0,0.2
pettich01,Chris,Pettit,NULL,NULL
pettijo02,Jonathan,Pettibone,0.1875,0.1875
phegljo01,Josh,Phegley,2.473684210526316,0.22274881516587677
phelpco01,Cord,Phelps,1.1065573770491803,0.22131147540983606
phelpda01,David,Phelps,0,0
phillbr01,Brandon,Phillips,67.50868390582787,0.3320726172465961
phillky01,Kyle,Phillips,1.2941176470588236,0.26744186046511625
phillpa01,Paul,Phillips,0,0.28
phillza01,Zach,Phillips,NULL,NULL
phippde01,Denis,Phipps,0.7272727272727273,0.36363636363636365
piefe01,Felix,Pie,9.960474308300395,0.28431372549019607
pierrju01,Juan,Pierre,24.351606805293006,0.33055169216504404
pierzaj01,"A. J.",Pierzynski,51.71023856858847,0.3163265306122449
pillake01,Kevin,Pillar,1.650943396226415,0.25
pillbr01,Brett,Pill,5.78740157480315,0.28185328185328185
pimenst01,Stolmy,Pimentel,0,0
pinama01,Manny,Pina,0.47058823529411764,0.23529411764705882
pinedmi01,Michael,Pineda,0,0.2
pineijo01,Joel,Pineiro,0,0.2
pintojo01,Josmil,Pinto,3.5121951219512195,0.39759036144578314
pintore01,Renyel,Pinto,NULL,NULL
plouftr01,Trevor,Plouffe,32.80498866213152,0.30066815144766146
podsesc01,Scott,Podsednik,11.904458598726114,0.33753148614609574
polanpl01,Placido,Polanco,27.493135639758375,0.32742887815351585
polloaj01,"A. J.",Pollock,15.464788732394366,0.3228621291448517
pomerdr01,Drew,Pomeranz,0.6857142857142857,0.22857142857142856
pomerst01,Stu,Pomeranz,NULL,NULL
porceri01,Rick,Porcello,0,0.16666666666666666
posadjo01,Jorge,Posada,23.641826923076923,0.3431952662721893
poseybu01,Buster,Posey,64.00770077007701,0.38739224137931033
powella01,Landon,Powell,2.7710843373493974,0.276
pradoma01,Martin,Prado,71.05347384855581,0.33885890516576717
preslal01,Alex,Presley,19.334155363748458,0.30514705882352944
pressry01,Ryan,Pressly,NULL,NULL
priceda01,David,Price,0,0.13043478260869565
pridija01,Jason,Pridie,6.2204724409448815,0.30980392156862746
princjo01,Josh,Prince,0.2222222222222222,0.2222222222222222
proctsc01,Scott,Proctor,0,0
profaju01,Jurickson,Profar,5.835866261398176,0.30149253731343284
pryorst01,Stephen,Pryor,NULL,NULL
puigya01,Yasiel,Puig,16.245283018867923,0.3995433789954338
pujolal01,Albert,Pujols,101.81497797356828,0.3860684769775679
puntoni01,Nick,Punto,17.249214659685865,0.33575129533678755
purceda01,David,Purcey,NULL,NULL
putkolu01,Luke,Putkonen,NULL,NULL
putnaza01,Zach,Putnam,NULL,NULL
putzjj01,"J. J.",Putz,NULL,NULL
quallch01,Chad,Qualls,NULL,NULL
quentca01,Carlos,Quentin,58.878616352201256,0.3534328358208955
quinlro01,Robb,Quinlan,0.34285714285714286,0.17142857142857143
quinthu01,Humberto,Quintero,13.414545454545454,0.2665066026410564
quintjo01,Jose,Quintana,0,0.16666666666666666
quintom01,Omar,Quintanilla,7.964788732394366,0.30782608695652175
quirogu01,Guillermo,Quiroz,2.1386138613861387,0.24271844660194175
raburry01,Ryan,Raburn,39.05084745762712,0.31216931216931215
raleybr01,Brooks,Raley,0,0.15384615384615385
ramiral03,Alexei,Ramirez,56.29694835680751,0.3128621089223638
ramirar01,Aramis,Ramirez,75.04343629343629,0.3496470588235294
ramired01,Edwar,Ramirez,NULL,NULL
ramirel02,Elvin,Ramirez,0,0
ramirer02,Erasmo,Ramirez,0,0
ramirha01,Hanley,Ramirez,64.798,0.3619329388560158
ramirho01,Horacio,Ramirez,NULL,NULL
ramirjc01,"J. C.",Ramirez,0,0
ramirjo01,Jose,Ramirez,0.42857142857142855,0.42857142857142855
ramirma02,Manny,Ramirez,9.789156626506024,0.39882697947214074
ramirma03,Max,Ramirez,1.6666666666666667,0.3411764705882353
ramirra02,Ramon,Ramirez,0,0
ramirwi01,Wilkin,Ramirez,2.763157894736842,0.3103448275862069
ramosaj01,"A. J.",Ramos,NULL,NULL
ramosce01,Cesar,Ramos,0,0
ramoswi01,Wilson,Ramos,25.222707423580786,0.3326110509209101
ransoco01,Cody,Ransom,14.324817518248175,0.29294755877034356
rapadcl01,Clay,Rapada,NULL,NULL
rasmuco01,Colby,Rasmus,63.308920187793426,0.3246632605666512
rasmuco02,Cory,Rasmus,NULL,NULL
rauchjo01,Jon,Rauch,NULL,NULL
raych01,Chris,Ray,NULL,NULL
raynojo01,John,Raynor,0,0.2727272727272727
rayro01,Robert,Ray,NULL,NULL
reckean01,Anthony,Recker,4.76,0.2838427947598253
reddijo01,Josh,Reddick,41.07276507276507,0.3103212576896787
redmomi01,Mike,Redmond,0.9230769230769231,0.24242424242424243
redmoto01,Todd,Redmond,0,0.2
reedad01,Addison,Reed,NULL,NULL
reedev01,Evan,Reed,NULL,NULL
reedje03,Jeremy,Reed,0.16666666666666666,0.16666666666666666
reidry01,Ryan,Reid,0,0
reimono01,Nolan,Reimold,15.992101105845181,0.3055555555555556
reinech01,Chad,Reineke,0,0
rendoan01,Anthony,Rendon,10.225974025974025,0.3341772151898734
renteed01,Edgar,Renteria,11.271186440677965,0.32100840336134456
repkoja01,Jason,Repko,3.5413793103448277,0.2895622895622896
resopch01,Chris,Resop,0,0.25
reverbe01,Ben,Revere,14.554024655547499,0.3249279538904899
reyesde01,Dennys,Reyes,0,0
reyesjo01,Jose,Reyes,69.60241483398016,0.35729567821994007
reyesjo03,Jo-Jo,Reyes,0,0.3333333333333333
reynogr01,Greg,Reynolds,0.13333333333333333,0.13333333333333333
reynoma01,Mark,Reynolds,63.70569762225213,0.3246696035242291
reynoma02,Matt,Reynolds,0,0.16666666666666666
rhodear01,Arthur,Rhodes,0,0
rhymewi01,Will,Rhymes,7.472350230414746,0.32801822323462415
ricesc01,Scott,Rice,NULL,NULL
richaan01,Antoan,Richardson,0,0.5
richacl01,Clayton,Richard,0.8228571428571428,0.1404494382022472
richadu02,Dustin,Richardson,NULL,NULL
richaga01,Garrett,Richards,0,0
richmsc01,Scott,Richmond,NULL,NULL
rienzan01,Andre,Rienzo,NULL,NULL
rincoju01,Juan,Rincon,0,0
ringro01,Royce,Ring,NULL,NULL
riosal01,Alex,Rios,68.15587044534414,0.3190723710515794
riskeda01,David,Riske,NULL,NULL
riverju01,Juan,Rivera,28.819938176197837,0.3111279333838001
riverma01,Mariano,Rivera,0,0
rivermi02,Mike,Rivera,0,0.21739130434782608
riverre01,Rene,Rivera,1.89010989010989,0.23655913978494625
riversa01,Saul,Rivera,NULL,NULL
rizzoan01,Anthony,Rizzo,33.83720930232558,0.32868852459016396
roarkta01,Tanner,Roark,0.2857142857142857,0.2857142857142857
roberbr01,Brian,Roberts,15.660377358490566,0.31141439205955335
roberda08,David,Robertson,NULL,NULL
roberna01,Nate,Robertson,0.25,0.25
roberry01,Ryan,Roberts,29.536527886881384,0.31361867704280155
roberty01,Tyler,Robertson,NULL,NULL
robinch02,Chris,Robinson,0.16666666666666666,0.16666666666666666
robincl01,Clint,Robinson,0,0
robinde02,Derrick,Robinson,3.1904761904761907,0.3222748815165877
robinsh01,Shane,Robinson,5.288515406162465,0.3259668508287293
robintr01,Trayvon,Robinson,6.012861736334405,0.2747603833865815
roblema01,Mauricio,Robles,NULL,NULL
rodnefe01,Fernando,Rodney,NULL,NULL
rodrial01,Alex,Rodriguez,51.712941176470586,0.3530764807360552
rodrian01,Aneury,Rodriguez,0,0.1
rodried04,Eddy,Rodriguez,0.42857142857142855,0.42857142857142855
rodrife02,Fernando,Rodriguez,0,0
rodrifr03,Francisco,Rodriguez,0,0.5
rodrifr04,Francisco,Rodriguez,NULL,NULL
rodrihe03,Henry,Rodriguez,0,0
rodrihe04,Henry,Rodriguez,0.2692307692307692,0.2692307692307692
rodriiv01,Ivan,Rodriguez,9.44927536231884,0.2956989247311828
rodrijo05,Josh,Rodriguez,0,0.21428571428571427
rodrilu01,Luis,Rodriguez,3.518796992481203,0.29927007299270075
rodrira01,Rafael,Rodriguez,NULL,NULL
rodrise01,Sean,Rodriguez,28.82789992418499,0.3100661278471712
rodrist02,Paco,Rodriguez,0,0
rodriwa01,Wandy,Rodriguez,0.7819905213270142,0.15566037735849056
roech01,Chaz,Roe,0,0
roenijo01,Josh,Roenicke,0,0.14285714285714285
rogeres01,Esmil,Rogers,0.6470588235294118,0.21568627450980393
rogerma01,Mark,Rogers,0.5,0.25
rohliry01,Ryan,Rohlinger,0,0.2777777777777778
rolensc01,Scott,Rolen,36,0.3292361720807726
rolliji01,Jimmy,Rollins,56.29878304657994,0.32708333333333334
romeren01,Enny,Romero,NULL,NULL
romerjc01,"J. C.",Romero,NULL,NULL
romerni01,Niuman,Romero,0,0
romerri01,Ricky,Romero,0,0.13333333333333333
rominan01,Andrew,Romine,0.901840490797546,0.30303030303030304
rominau01,Austin,Romine,2.4539877300613497,0.24848484848484848
romose01,Sergio,Romo,0,0
rondobr01,Bruce,Rondon,NULL,NULL
rondohe01,Hector,Rondon,NULL,NULL
rosaca01,Carlos,Rosa,NULL,NULL
rosalad01,Adam,Rosales,10.125,0.2854838709677419
rosalle01,Leo,Rosales,0,0
rosarsa02,Sandy,Rosario,0,0
rosarwi01,Wilin,Rosario,30.449628844114528,0.31019978969505785
rosenbj01,"B. J.",Rosenberg,0,0.3333333333333333
rosentr01,Trevor,Rosenthal,0,0
rossco01,Cody,Ross,54.664194915254235,0.32985930171964567
rosscza01,Zac,Rosscup,NULL,NULL
rossda01,David,Ross,18.482142857142858,0.3365539452495974
rossro01,Robbie,Ross,0,0
rossty01,Tyson,Ross,0,0.16666666666666666
rothmi01,Michael,Roth,NULL,NULL
rottivi01,Vinny,Rottino,1.2650602409638554,0.25
rowanaa01,Aaron,Rowand,14.015895953757225,0.2812939521800281
rowlary01,Ryan,Rowland-Smith,0,0
rufda01,Darin,Ruf,10.623052959501557,0.35240963855421686
ruffich01,Chance,Ruffin,NULL,NULL
ruggiju01,Justin,Ruggiano,26.199551569506728,0.3225806451612903
ruizca01,Carlos,Ruiz,50.389057750759875,0.3859338061465721
ruizra01,Randy,Ruiz,0.45,0.15
runzlda01,Dan,Runzler,0,0.5
rupejo01,Josh,Rupe,NULL,NULL
ruppca01,Cameron,Rupp,0.35714285714285715,0.35714285714285715
rusinch01,Chris,Rusin,0.12903225806451613,0.12903225806451613
russead01,Adam,Russell,NULL,NULL
russeja02,James,Russell,0,0.07692307692307693
russoke01,Kevin,Russo,0.46153846153846156,0.24528301886792453
rutlejo01,Josh,Rutledge,13.846801346801346,0.30066445182724255
ryalru01,Rusty,Ryal,3.172093023255814,0.3076923076923077
ryanbr01,Brendan,Ryan,25.226881102814474,0.2856338028169014
ryanmi03,Mike,Ryan,0.9,0.21951219512195122
ryuhy01,Hyun-Jin,Ryu,0.9333333333333333,0.23333333333333334
rzepcma01,Marc,Rzepczynski,0,0
sabatcc01,CC,Sabathia,0,0.058823529411764705
saitota01,Takashi,Saito,0,0
salasfe01,Fernando,Salas,0,0
salazda01,Danny,Salazar,0,0
salazos01,Oscar,Salazar,2.27027027027027,0.3221476510067114
salech01,Chris,Sale,0,0
saltaja01,Jarrod,Saltalamacchia,43.76639035418236,0.3086696562032885
samarje01,Jeff,Samardzija,0.4523809523809524,0.15748031496062992
sampsch01,Chris,Sampson,NULL,NULL
sanabal01,Alex,Sanabia,0,0.09302325581395349
sanchan01,Anibal,Sanchez,0.1625,0.1625
sanchan02,Angel,Sanchez,7.34020618556701,0.3083475298126065
sanchbr01,Brian,Sanches,0,0.14285714285714285
sanched01,Eduardo,Sanchez,0,0
sanchfr01,Freddy,Sanchez,16.62865090403338,0.34199726402188785
sanchga01,Gaby,Sanchez,54.53496868475992,0.34050179211469533
sanchhe01,Hector,Sanchez,7.969465648854962,0.29925187032418954
sanchjo01,Jonathan,Sanchez,0.8080808080808081,0.17
sanchro01,Romulo,Sanchez,NULL,NULL
sanchto01,Tony,Sanchez,1.619047619047619,0.2878787878787879
sandopa01,Pablo,Sandoval,64.45247148288973,0.3486195601310248
sandsje01,Jerry,Sands,6.801619433198381,0.3253012048192771
sanitam01,Amauri,Sanit,NULL,NULL
santaca01,Carlos,Santana,71.10206037374222,0.3731132075471698
santaer01,Ervin,Santana,0,0.2
santajo01,Johan,Santana,0.5773195876288659,0.14432989690721648
santihe01,Hector,Santiago,0,0
santira01,Ramon,Santiago,15.741818181818182,0.3111111111111111
santoom01,Omir,Santos,0,0.1875
santose01,Sergio,Santos,0,0
sappeda01,Dave,Sappelt,5.721189591078067,0.3037037037037037
sardida01,Dane,Sardinha,1.9518072289156627,0.3333333333333333
satinjo01,Josh,Satin,6.943775100401607,0.3665338645418327
saundjo01,Joe,Saunders,0.17557251908396945,0.17424242424242425
saundmi01,Michael,Saunders,36.41203703703704,0.3000656598818122
saverjo01,Joe,Savery,0,0
sborzja01,Jay,Sborz,NULL,NULL
scahiro01,Rob,Scahill,0,0.3333333333333333
scalebo01,Bobby,Scales,0,0.55
schafjo02,Jordan,Schafer,14.014830508474576,0.31440588853838064
schaflo01,Logan,Schafer,7.03125,0.28651685393258425
schepta01,Tanner,Scheppers,NULL,NULL
scherma01,Max,Scherzer,0.09090909090909091,0.09090909090909091
schiena01,Nate,Schierholtz,39.70240700218818,0.3194842406876791
schleda01,Daniel,Schlereth,NULL,NULL
schlibr01,Brian,Schlitter,NULL,NULL
schlitr01,Travis,Schlichting,0,0
schmiko01,Konrad,Schmidt,0,0.17647058823529413
schnebr01,Brian,Schneider,6.4190981432360745,0.3002610966057441
schoesc01,Scott,Schoeneweis,NULL,NULL
schoojo01,Jonathan,Schoop,0.3333333333333333,0.3333333333333333
schumsk01,Skip,Schumaker,27.28097062579821,0.3354350567465322
schwich01,Chris,Schwinden,0,0.2727272727272727
schwimi01,Michael,Schwimer,0,0
scottlu01,Luke,Scott,45.3601756954612,0.33142448103078026
scribev01,Evan,Scribner,NULL,NULL
scutama01,Marco,Scutaro,53.59706009511457,0.3479931682322801
seageky01,Kyle,Seager,41.26315789473684,0.3262135922330097
seddoch01,Chris,Seddon,NULL,NULL
segurje01,Jean,Segura,15.935979513444302,0.3291139240506329
selleju01,Justin,Sellers,4.594594594594595,0.2803030303030303
semiema01,Marcus,Semien,1.6285714285714286,0.2676056338028169
septile01,Leyson,Septimo,NULL,NULL
severat01,Atahualpa,Severino,NULL,NULL
shawbr01,Bryan,Shaw,NULL,NULL
shealry01,Ryan,Shealy,0,0
sheetbe01,Ben,Sheets,0,0.11764705882352941
sherrge01,George,Sherrill,0,1
shielja02,James,Shields,0,0.16666666666666666
shielsc01,Scot,Shields,0,0
shoemma01,Matt,Shoemaker,NULL,NULL
shoppke01,Kelly,Shoppach,16.700514138817482,0.29615861214374223
shuckja01,"J. B.",Shuck,9.500897666068223,0.336283185840708
siegrke01,Kevin,Siegrist,0,0
sierrmo01,Moises,Sierra,7.851985559566787,0.31785714285714284
silvaca01,Carlos,Silva,0.14705882352941177,0.14705882352941177
simmoan01,Andrelton,Simmons,19.220338983050848,0.3058542413381123
simonal01,Alfredo,Simon,0,0.09090909090909091
sinkbbr01,Brett,Sinkbeil,NULL,NULL
sippto01,Tony,Sipp,NULL,NULL
sizemgr01,Grady,Sizemore,10.849056603773585,0.28211009174311924
sizemsc01,Scott,Sizemore,14.692307692307692,0.32767402376910015
skaggty01,Tyler,Skaggs,0,0.11764705882352941
skipwky01,Kyle,Skipworth,0,0.25
slamaan01,Anthony,Slama,NULL,NULL
slatedo01,Doug,Slaten,NULL,NULL
sloweke01,Kevin,Slowey,0,0.12
smithbu03,Burch,Smith,0,0.2
smithch07,Chris,Smith,NULL,NULL
smithgr02,Greg,Smith,0.6153846153846154,0.3076923076923077
smithjo05,Joe,Smith,NULL,NULL
smithjo06,Jordan,Smith,0,0
smithse01,Seth,Smith,57.54622322435175,0.3392559689061632
smithwi04,Will,Smith,NULL,NULL
smoakju01,Justin,Smoak,43.743933918430564,0.31746031746031744
smylydr01,Drew,Smyly,0,0
snellia01,Ian,Snell,NULL,NULL
snidetr01,Travis,Snider,24.37613751263903,0.2971887550200803
snydebr02,Brad,Snyder,0.1891891891891892,0.1891891891891892
snydebr03,Brandon,Snyder,3.5454545454545454,0.28662420382165604
snydech02,Chris,Snyder,14.67139175257732,0.3299492385786802
socolmi01,Miguel,Socolovich,NULL,NULL
sogarer01,Eric,Sogard,11.7206132879046,0.29697986577181207
solando01,Donovan,Solano,10.556195965417867,0.32535211267605635
solanjh01,Jhonatan,Solano,1.8295454545454546,0.26136363636363635
solisal01,Ali,Solis,0,0
sonnaan01,Andy,Sonnanstine,0,0
soriaal01,Alfonso,Soriano,78.96052631578948,0.31371700562527044
soriajo01,Joakim,Soria,NULL,NULL
soriara01,Rafael,Soriano,NULL,NULL
sosahe01,Henry,Sosa,0.17647058823529413,0.17647058823529413
sosajo02,Jorge,Sosa,0,0.5
sotoge01,Geovany,Soto,39.46594982078853,0.32884479092841956
sotone01,Neftali,Soto,0,0.07692307692307693
spande01,Denard,Span,47.65327313769752,0.3321348314606742
spearna01,Nate,Spears,0,0
spencjo01,Josh,Spence,NULL,NULL
spilbry01,Ryan,Spilborghs,14.323873121869783,0.33169129720853857
sprinru01,Russ,Springer,NULL,NULL
spruize01,Zeke,Spruill,0,0
stairma01,Matt,Stairs,3.8440860215053765,0.29411764705882354
stammcr01,Craig,Stammen,0.6792452830188679,0.2222222222222222
stangda01,Daniel,Stange,NULL,NULL
stantmi03,Giancarlo,Stanton,82.50825412706354,0.3619329388560158
stassma01,Max,Stassi,0,0.375
staufti01,Tim,Stauffer,0.3373493975903614,0.16666666666666666
stavini01,Nick,Stavinoha,1.68,0.2857142857142857
sternad01,Adam,Stern,0,0
stettmi01,Mitch,Stetter,NULL,NULL
steveje01,Jeff,Stevens,0,0
stewach01,Chris,Stewart,8.63013698630137,0.29464285714285715
stewaia01,Ian,Stewart,16.829705505761844,0.32156368221941994
stewaza01,Zach,Stewart,0,0
stinsjo01,Josh,Stinson,0,0.5
stokebr01,Brian,Stokes,NULL,NULL
stoneto01,Tobi,Stoner,NULL,NULL
storedr01,Drew,Storen,0,0.5
storemi01,Mickey,Storey,NULL,NULL
stpiema01,Max,"St. Pierre",0.2222222222222222,0.2222222222222222
straida01,Dan,Straily,0,0.3333333333333333
strasst01,Stephen,Strasburg,1.4330708661417322,0.2109375
streehu01,Huston,Street,0,0
stricsc01,Scott,Strickland,NULL,NULL
stroppe01,Pedro,Strop,NULL,NULL
stubbdr01,Drew,Stubbs,45.77990217874611,0.31063268892794377
stulter01,Eric,Stults,0.989010989010989,0.20652173913043478
stutemi01,Michael,Stutes,0,0
sucreje01,Jesus,Sucre,0,0.2413793103448276
sullico01,Cory,Sullivan,0.5142857142857142,0.2571428571428571
suppaje01,Jeff,Suppan,0.21052631578947367,0.21052631578947367
surkaer01,Eric,Surkamp,0,0.2
susdost01,Steve,Susdorf,0.14285714285714285,0.14285714285714285
suttodr01,Drew,Sutton,7.400881057268722,0.3130434782608696
suzukic01,Ichiro,Suzuki,45.05162738496072,0.32887402452619846
suzukku01,Kurt,Suzuki,34.38895152198422,0.29873695771554093
swarzan01,Anthony,Swarzak,0,0
sweenbr01,Brian,Sweeney,NULL,NULL
sweenmi01,Mike,Sweeney,4.096969696969697,0.32142857142857145
sweenry01,Ryan,Sweeney,26.86907020872865,0.33459000942507067
swishni01,Nick,Swisher,82.48036858974359,0.3622730860299921
tabatjo01,Jose,Tabata,35.23917388407728,0.33902759526938236
takahhi01,Hisanori,Takahashi,0,0.0625
talbomi01,Mitch,Talbot,0,0
tallebr01,Brian,Tallet,0,0
tanakke01,Kensuke,Tanaka,0,0.35294117647058826
tanketa01,Taylor,Tankersley,NULL,NULL
taschja01,Jack,Taschner,0,1
tateyyo01,Yoshinori,Tateyama,NULL,NULL
tatisfe01,Fernando,Tatis,1.5211267605633803,0.2535211267605634
tatumcr01,Craig,Tatum,2.141552511415525,0.30454545454545456
taverwi01,Willy,Taveras,0.24324324324324326,0.24324324324324326
tayloan01,Andrew,Taylor,NULL,NULL
taylomi01,Michael,Taylor,0.41975308641975306,0.20987654320987653
tazawju01,Junichi,Tazawa,NULL,NULL
teafoev01,Everett,Teaford,NULL,NULL
teagata01,Taylor,Teagarden,3.630252100840336,0.23333333333333334
teahema01,Mark,Teahen,8.317241379310344,0.30663615560640733
teherju01,Julio,Teheran,0.7272727272727273,0.24242424242424243
teixema01,Mark,Teixeira,65.47444501806918,0.34887218045112783
tejadmi01,Miguel,Tejada,20.623398804440647,0.30569514237855944
tejadru01,Ruben,Tejada,21.61998485995458,0.32616753150481836
tejedro01,Rob,Tejeda,NULL,NULL
tekotbl01,Blake,Tekotte,1.0114942528735633,0.25842696629213485
tepesni01,Nick,Tepesch,0,0
terdojo01,Joey,Terdoslavich,1.3043478260869565,0.3225806451612903
texeika01,Kanekoa,Texeira,0,0
thameer01,Eric,Thames,18.986587183308494,0.2961876832844575
thamema01,Marcus,Thames,7.411960132890365,0.3257328990228013
thatcjo01,Joe,Thatcher,NULL,NULL
thayeda01,Dale,Thayer,0,0
theriry01,Ryan,Theriot,20.39512855209743,0.321285140562249
thielca01,Caleb,Thielbar,NULL,NULL
tholejo01,Josh,Thole,16.922515952597994,0.3285198555956679
thomabr01,Brad,Thomas,NULL,NULL
thomacl02,Clete,Thomas,5.836676217765043,0.28205128205128205
thomaju01,Justin,Thomas,0,0
thomeji01,Jim,Thome,34.24678362573099,0.38559814169570267
thompaa01,Aaron,Thompson,0,1
thompbr01,Brad,Thompson,NULL,NULL
thompda02,Daryl,Thompson,0,0
thompri02,Rich,Thompson,0,0.16666666666666666
thompri03,Rich,Thompson,NULL,NULL
thornma01,Matt,Thornton,NULL,NULL
thornty01,Tyler,Thornburg,0.047619047619047616,0.047619047619047616
threeer01,Erick,Threets,NULL,NULL
thursjo01,Joe,Thurston,0,0.25
tillmch01,Chris,Tillman,0,0
tobinma01,Mason,Tobin,NULL,NULL
toddje01,Jess,Todd,NULL,NULL
tolbema01,Matt,Tolbert,5.159235668789809,0.26479750778816197
tollesh01,Shawn,Tolleson,NULL,NULL
tollest01,Steven,Tolleson,2.4609375,0.2734375
tomkobr01,Brett,Tomko,NULL,NULL
tomlijo01,Josh,Tomlin,0,0.5714285714285714
tonkimi01,Michael,Tonkin,NULL,NULL
toregwy01,Wyatt,Toregas,0,0
torreal01,Alex,Torres,NULL,NULL
torrean02,Andres,Torres,46.35995232419547,0.3266391021854696
torreca01,Carlos,Torres,0,0.18518518518518517
torreyo01,Yorvit,Torrealba,23.810330228619815,0.31543624161073824
tosonre01,Rene,Tosoni,3.424731182795699,0.2751322751322751
tovarwi01,Wilfredo,Tovar,0,0.3333333333333333
towlejr01,"J. R.",Towles,3.466666666666667,0.25462962962962965
tracych01,Chad,Tracy,7.984962406015038,0.2995049504950495
treanma01,Matt,Treanor,8.082236842105264,0.3073248407643312
triunca01,Carlos,Triunfel,0.5373134328358209,0.18840579710144928
troncra01,Ramon,Troncoso,0,0.25
troutmi01,Mike,Trout,61.4881033310673,0.4095744680851064
trumbma01,Mark,Trumbo,54.81882098431585,0.30460385438972165
tuckery01,Ryan,Tucker,NULL,NULL
tuiasma01,Matt,Tuiasosopo,6.793846153846154,0.3018292682926829
tulowtr01,Troy,Tulowitzki,76.78085916258836,0.3855614973262032
turneja01,Jacob,Turner,0.061224489795918366,0.061224489795918366
turneju01,Justin,Turner,21.098194130925506,0.3252212389380531
ueharko01,Koji,Uehara,NULL,NULL
ugglada01,Dan,Uggla,68.55600322320709,0.33835182250396195
uptonbj01,Melvin,Upton,60.972101133391455,0.3096774193548387
uptonju01,Justin,Upton,80.11115585984696,0.3646038628301143
uribeju01,Juan,Uribe,34.04735758407687,0.305668016194332
urruthe01,Henry,Urrutia,0.27586206896551724,0.27586206896551724
utleych01,Chase,Utley,54.15929203539823,0.36746666666666666
valaich01,Chris,Valaika,2.781954887218045,0.2814814814814815
valbulu01,Luis,Valbuena,20.396917148362235,0.3073263558515699
valdece01,Cesar,Valdez,0,0
valdejo01,Jose,Valdez,NULL,NULL
valdejo02,Jordany,Valdespin,6.766081871345029,0.27089337175792505
valdelu01,Jairo,Asencio,NULL,NULL
valdeme01,Merkin,Valdez,NULL,NULL
valdera02,Raul,Valdes,0.7692307692307693,0.38461538461538464
valdewi01,Wilson,Valdez,13.472578763127188,0.29350348027842227
valenda01,Danny,Valencia,31.840127897681853,0.30324623911322246
valvejo01,Jose,Valverde,NULL,NULL
vanderi01,Rick,"van den Hurk",NULL,NULL
vanevjo01,Jonathan,"Van Every",0.5714285714285714,0.2857142857142857
vanslsc01,Scott,"Van Slyke",5.746341463414634,0.30288461538461536
vargacl01,Claudio,Vargas,0,0
vargaja01,Jason,Vargas,0,0.21428571428571427
varitja01,Jason,Varitek,10.299727520435967,0.3010752688172043
varvaan01,Anthony,Varvaro,0,0
vasquan01,Anthony,Vasquez,NULL,NULL
vasques01,Esmerling,Vasquez,0,0
vazquja01,Javier,Vazquez,0.22950819672131148,0.22950819672131148
vealdo01,Donnie,Veal,NULL,NULL
velazgi01,Gil,Velazquez,0.265625,0.26153846153846155
velezeu01,Eugenio,Velez,0.68,0.1782178217821782
venabwi01,Will,Venable,50.46052631578947,0.3268503511615343
ventejo01,Jonny,Venters,0,0
ventuyo01,Yordano,Ventura,NULL,NULL
verasjo01,Jose,Veras,0,1
verdury01,Ryan,Verdugo,NULL,NULL
verlaju01,Justin,Verlander,0,0
vicieda01,Dayan,Viciedo,30.20576131687243,0.3060728744939271
victosh01,Shane,Victorino,67.28300295234078,0.3392709196354598
villabr02,Brayan,Villarreal,NULL,NULL
villaca01,Carlos,Villanueva,0,0.16279069767441862
villael01,Elih,Villanueva,0,0
villahe02,Henry,Villar,NULL,NULL
villajo01,Jonathan,Villar,3.880851063829787,0.32340425531914896
villape01,Pedro,Villarreal,0,0
vinceni01,Nick,Vincent,0,0
violape01,Pedro,Viola,NULL,NULL
vittejo01,Josh,Vitters,0.7169811320754716,0.1926605504587156
vizcaar01,Arodys,Vizcaino,NULL,NULL
vizquom01,Omar,Vizquel,8.745098039215685,0.31077348066298344
vogelry01,Ryan,Vogelsong,0.375,0.19863013698630136
vogtst01,Stephen,Vogt,2.941860465116279,0.26436781609195403
volqued01,Edinson,Volquez,0.3724137931034483,0.12413793103448276
volstch01,Chris,Volstad,0.46511627906976744,0.15503875968992248
vottojo01,Joey,Votto,116.7927441142416,0.4471080669710807
wachami01,Michael,Wacha,0,0.14285714285714285
wadeco01,Cory,Wade,NULL,NULL
wagnebi02,Billy,Wagner,NULL,NULL
wagnene01,Neil,Wagner,NULL,NULL
wainwad01,Adam,Wainwright,2.4415584415584415,0.2025862068965517
wakefti01,Tim,Wakefield,0,0.1111111111111111
waldejo01,Jordan,Walden,NULL,NULL
waldrky01,Kyle,Waldrop,NULL,NULL
walkene01,Neil,Walker,61.529981549815496,0.34356659142212187
walketa01,Taijuan,Walker,NULL,NULL
walkety01,Tyler,Walker,0,0
wallabr01,Brett,Wallace,25.620396600566572,0.31763619575253926
walljo02,Josh,Wall,NULL,NULL
waltepj01,"P. J.",Walters,0,0.125
walteza01,Zach,Walters,0.4444444444444444,0.4444444444444444
wangch01,Chien-Ming,Wang,0.14814814814814814,0.14814814814814814
warread01,Adam,Warren,NULL,NULL
watkilo01,Logan,Watkins,0.2682926829268293,0.2682926829268293
watsoma02,Matt,Watson,0.8181818181818182,0.2727272727272727
watsoto01,Tony,Watson,0,0
weaveje01,Jeff,Weaver,0,0.2
weaveje02,Jered,Weaver,0,0.19047619047619047
webbda01,Daniel,Webb,NULL,NULL
webbry01,Ryan,Webb,0,0.2
weberth01,Thad,Weber,0,0
webstal01,Allen,Webster,NULL,NULL
weeksje01,Jemile,Weeks,19.263157894736842,0.3199577613516367
weeksri01,Rickie,Weeks,64.932225623087,0.3426990208599404
weilaky01,Kyle,Weiland,0,0
weinhro01,Robbie,Weinhardt,NULL,NULL
welkedu01,Duke,Welker,NULL,NULL
welleto01,Todd,Wellemeyer,0,0.1
wellsca01,Casper,Wells,17.429718875502008,0.3007915567282322
wellski01,Kip,Wells,0,0.15384615384615385
wellsra01,Randy,Wells,0.37254901960784315,0.18627450980392157
wellsve01,Vernon,Wells,49.15711252653928,0.2908995265649658
wernean01,Andrew,Werner,0,0.08333333333333333
werthja01,Jayson,Werth,74.84890748489074,0.37756497948016415
westbja01,Jake,Westbrook,1.3254437869822486,0.1893491124260355
westse01,Sean,West,0,0
wheelda01,Dan,Wheeler,NULL,NULL
wheelry01,Ryan,Wheeler,2.8125,0.2795031055900621
wheelza01,Zach,Wheeler,0.16129032258064516,0.16129032258064516
whelake01,Kevin,Whelan,NULL,NULL
whiteal01,Alex,White,0.5853658536585366,0.14285714285714285
whiteel03,Eli,Whiteside,7.0473684210526315,0.2802056555269923
whitese02,Sean,White,NULL,NULL
wielajo01,Joe,Wieland,0.25,0.25
wietema01,Matt,Wieters,59.95388788426763,0.32144449398127506
wiggity01,Ty,Wigginton,35.40562248995984,0.3145478374836173
wilheto01,Tom,Wilhelmsen,NULL,NULL
wilkad01,Adam,Wilk,0,0
willido03,Dontrelle,Willis,1.8421052631578947,0.3684210526315789
willije02,Jerome,Williams,0.16666666666666666,0.16666666666666666
willijo03,Josh,Willingham,66.91336270190895,0.3600189483657035
willira01,Randy,Williams,NULL,NULL
willire03,Reggie,Willits,2.549019607843137,0.32195121951219513
wilsoal01,Alex,Wilson,NULL,NULL
wilsobo02,Bobby,Wilson,7.405339805825243,0.27403846153846156
wilsobr01,Brian,Wilson,0,0
wilsocj01,"C. J.",Wilson,0.17391304347826086,0.17391304347826086
wilsoja02,Jack,Wilson,6.096385542168675,0.26627218934911245
wilsojo03,Josh,Wilson,7.198487712665407,0.2730627306273063
wilsoju10,Justin,Wilson,0,0
wilsomi02,Mike,Wilson,0.17857142857142858,0.17857142857142858
winnra01,Randy,Winn,4.378854625550661,0.3103448275862069
wisede01,Dewayne,Wise,10.052023121387283,0.2737642585551331
withrch01,Chris,Withrow,0,0
wolfra02,Randy,Wolf,1.4078212290502794,0.2032967032967033
wolfro01,Ross,Wolf,NULL,NULL
wongko01,Kolten,Wong,0.1935483870967742,0.1935483870967742
woodal02,Alex,Wood,0,0
woodbl01,Blake,Wood,0,0
woodbr01,Brandon,Wood,5.21272365805169,0.22879684418145957
woodke02,Kerry,Wood,0,0
woodti01,Tim,Wood,NULL,NULL
woodtr01,Travis,Wood,2.5161290322580645,0.1935483870967742
woodwch01,Chris,Woodward,0.1875,0.1875
wootero01,Rob,Wooten,0,0
workmbr01,Brandon,Workman,NULL,NULL
worleva01,Vance,Worley,0.3218390804597701,0.16091954022988506
worrema01,Mark,Worrell,NULL,NULL
worthda01,Danny,Worth,3.7,0.3070539419087137
wrighda03,David,Wright,82.49429323968393,0.38002594033722437
wrighja01,Jamey,Wright,0,0
wrighst01,Steven,Wright,NULL,NULL
wrighwe01,Wesley,Wright,0,0
wuertmi01,Michael,Wuertz,NULL,NULL
yelicch01,Christian,Yelich,6.3125,0.3722627737226277
youklke01,Kevin,Youkilis,51.7202614379085,0.3702770780856423
youngch03,Chris,Young,0.3829787234042553,0.19148936170212766
youngch04,Chris,Young,61.90215264187867,0.32381413359148115
youngde03,Delmon,Young,54.292682926829265,0.3129479216435738
youngde04,Delwyn,Young,5.401960784313726,0.28640776699029125
younger03,Eric,Young,20.021922428330523,0.32748538011695905
youngma02,Matt,Young,0.4838709677419355,0.25396825396825395
youngmi02,Michael,Young,67.5920245398773,0.34418780764861795
zagurmi01,Mike,Zagurski,NULL,NULL
zambrca01,Carlos,Zambrano,1.6119402985074627,0.26666666666666666
zaungr01,Gregg,Zaun,3.0265486725663715,0.3504273504273504
zawadla01,Lance,Zawadzki,0.6666666666666666,0.3333333333333333
zeidjo01,Josh,Zeid,NULL,NULL
zieglbr01,Brad,Ziegler,0,0.16666666666666666
zimmejo02,Jordan,Zimmermann,1.0164835164835164,0.20218579234972678
zimmery01,Ryan,Zimmerman,75.62818849978383,0.363714163457424
zitoba01,Barry,Zito,0,0.14465408805031446
zobribe01,Ben,Zobrist,82.6368778280543,0.36053412462908013
zumayjo01,Joel,Zumaya,NULL,NULL
zuninmi01,Mike,Zunino,2.804232804232804,0.29015544041450775
